Date,Price,Side,Profit
2023-03-23 14:45:00,28043.6,Long,2.62
2023-03-23 15:00:00,28337.5,Long,1.2139
2023-03-24 11:45:00,27558.4,Short,-2.0
2023-03-25 17:15:00,27452.6,Short,-0.2195
2023-03-26 08:30:00,27667.0,Long,-0.216
2023-03-26 11:45:00,27852.1,Long,0.0592
2023-03-27 14:15:00,27329.4,Short,-0.4116
2023-03-27 14:45:00,26933.0,Short,2.1108
2023-03-27 15:00:00,26705.6,Short,-2.0
2023-03-29 04:30:00,27525.6,Long,0.2443
2023-03-29 06:15:00,27988.6,Long,0.7896
2023-03-29 06:30:00,28077.0,Long,-0.2921
2023-03-30 17:30:00,27866.5,Short,0.3221
2023-03-31 07:15:00,27796.8,Short,1.3743
2023-04-01 01:45:00,28601.2,Long,0.5446
2023-04-01 20:30:00,28486.3,Long,-0.4485
2023-04-02 15:00:00,28095.9,Short,0.0623
2023-04-02 19:30:00,27935.9,Short,0.0197
2023-04-03 08:15:00,28369.5,Long,-0.6045
2023-04-06 20:45:00,27965.1,Short,-0.2315
2023-04-08 03:15:00,28033.5,Long,-0.4512
2023-04-08 05:45:00,28132.0,Long,-0.335
2023-04-09 06:00:00,27940.1,Short,0.0018
2023-04-09 06:45:00,27865.6,Short,0.1041
2023-04-09 18:45:00,28014.5,Long,0.5488
2023-04-09 19:15:00,28182.6,Long,-0.8374
2023-04-09 21:15:00,28304.8,Long,0.0503
2023-04-10 16:45:00,29033.1,Long,0.8206
2023-04-10 22:00:00,29486.9,Long,0.5494
2023-04-11 01:45:00,30191.9,Long,0.6301
2023-04-14 00:30:00,30721.9,Long,0.1579
2023-04-14 15:15:00,30227.3,Short,-0.3457
2023-04-16 01:00:00,30169.0,Short,-0.3862
2023-04-16 19:45:00,30306.0,Short,0.0808
2023-04-17 00:30:00,29893.4,Short,0.5051
2023-04-17 11:15:00,29755.0,Short,1.7207
2023-04-17 11:30:00,29550.2,Short,-0.0668
2023-04-18 01:00:00,29195.9,Short,-0.6516
2023-04-18 11:30:00,30309.1,Long,0.4998
2023-04-18 11:45:00,30369.7,Long,0.3285
2023-04-18 18:15:00,30227.4,Long,-0.5583
2023-04-19 08:00:00,29440.1,Short,1.5243
2023-04-19 08:15:00,29260.6,Short,-0.0239
2023-04-21 19:00:00,27379.9,Short,0.053
2023-04-22 22:00:00,27789.0,Long,-0.5488
2023-04-23 00:30:00,27495.4,Short,-0.3401
2023-04-24 13:30:00,27657.8,Long,-0.4149
2023-04-24 14:30:00,27313.2,Short,-0.9483
2023-04-25 20:00:00,27849.9,Long,0.5826
2023-04-26 08:15:00,28646.6,Long,-0.1021
2023-04-26 12:15:00,29738.5,Long,0.4405
2023-04-26 19:45:00,27871.9,Short,1.4109
2023-04-27 00:15:00,29391.7,Long,-1.8925
2023-04-28 13:30:00,28939.5,Short,-0.685
2023-04-29 17:30:00,29142.1,Short,-0.0034
2023-04-30 15:00:00,29564.0,Long,2.0862
2023-04-30 15:15:00,29810.7,Long,0.3304
2023-05-01 01:30:00,28664.9,Short,1.5402
2023-05-01 01:45:00,28488.3,Short,-1.1364
2023-05-01 05:30:00,28407.6,Short,-0.5315
2023-05-01 15:15:00,28099.1,Short,0.0303
2023-05-03 06:30:00,28594.5,Long,-0.0437
2023-05-06 00:30:00,29686.2,Long,-0.2434
2023-05-06 12:30:00,29067.5,Short,-0.1763
2023-05-06 14:00:00,28687.4,Short,0.522
2023-05-07 23:45:00,28419.4,Short,-1.0802
2023-05-08 01:30:00,28081.5,Short,-1.1253
2023-05-10 12:30:00,27985.2,Long,1.5624
2023-05-10 12:45:00,28160.1,Long,-0.3063
2023-05-10 17:15:00,27130.1,Short,-1.7379
2023-05-10 21:15:00,27527.3,Short,0.6684
2023-05-11 12:30:00,27343.7,Short,-0.3803
2023-05-12 05:45:00,26261.3,Short,1.1671
2023-05-14 15:00:00,27064.1,Long,-0.1561
2023-05-15 06:15:00,27498.2,Long,-0.6209
2023-05-16 01:15:00,26884.4,Short,-0.7039
2023-05-17 07:45:00,26831.9,Short,0.2972
2023-05-17 11:15:00,26717.0,Short,1.4242
2023-05-17 11:30:00,26564.8,Short,-0.5807
2023-05-18 07:30:00,27341.1,Long,0.3109
2023-05-18 17:30:00,26711.6,Short,2.2125
2023-05-18 17:45:00,26475.2,Short,-0.5099
2023-05-20 17:30:00,27017.4,Long,1.0419
2023-05-20 17:45:00,27130.0,Long,-0.0323
2023-05-21 00:45:00,27228.9,Long,-0.0725
2023-05-21 15:30:00,26799.9,Short,-0.7938
2023-05-21 21:00:00,26756.0,Short,0.6288
2023-05-24 03:15:00,26914.5,Short,1.7175
2023-05-24 03:30:00,26729.6,Short,-0.3779
2023-05-24 13:45:00,26432.0,Short,1.03
2023-05-25 01:15:00,25954.6,Short,-1.2936
2023-05-25 23:00:00,26520.4,Long,-0.3394
2023-05-28 00:30:00,26984.3,Long,0.7319
2023-05-28 00:45:00,27063.3,Long,0.3279
2023-05-28 17:30:00,27355.8,Long,-0.1618
2023-05-28 18:15:00,27590.3,Long,0.2664
2023-05-28 21:45:00,27828.5,Long,2.0456
2023-05-28 22:00:00,28056.2,Long,0.0873
2023-05-31 02:00:00,27634.0,Short,-0.3972
2023-05-31 04:45:00,27243.5,Short,0.7552
2023-05-31 05:00:00,27161.2,Short,-0.0083
2023-05-31 14:15:00,26890.9,Short,-0.8283
2023-06-01 00:30:00,27100.0,Short,0.3708
2023-06-01 02:45:00,26705.1,Short,-0.4119
2023-06-02 18:45:00,27183.2,Long,-0.5546
2023-06-03 15:45:00,27292.7,Long,-0.4003
2023-06-04 22:00:00,27267.2,Long,-0.2696
2023-06-05 15:15:00,26476.5,Short,0.4211
2023-06-05 15:45:00,25991.9,Short,0.9647
2023-06-05 16:00:00,25891.6,Short,0.3466
2023-06-09 02:15:00,26383.2,Short,-0.1023
2023-06-10 04:15:00,25836.3,Short,0.0987
2023-06-11 22:30:00,25782.1,Short,-0.9861
2023-06-12 02:15:00,25722.5,Short,-0.1234
2023-06-12 06:15:00,25855.0,Long,-0.1644
2023-06-12 08:15:00,25901.6,Long,-0.1602
2023-06-12 17:30:00,25863.0,Long,-0.6331
2023-06-13 01:15:00,25993.3,Long,-0.2568
2023-06-14 05:30:00,25875.6,Short,0.4097
2023-06-14 05:45:00,25833.2,Short,-0.3368
2023-06-15 20:15:00,25224.8,Short,-0.9703
2023-06-15 20:45:00,25556.7,Long,0.8638
2023-06-17 05:30:00,26713.1,Long,-0.3154
2023-06-18 20:15:00,26453.0,Short,-0.207
2023-06-19 12:15:00,26513.6,Long,0.2668
2023-06-19 18:00:00,26966.3,Long,-0.8464
2023-06-19 18:45:00,26483.8,Short,-1.2291
2023-06-20 01:00:00,27129.9,Long,-1.3334
2023-06-20 11:45:00,26895.2,Long,0.0939
2023-06-20 17:45:00,27784.0,Long,1.4973
2023-06-21 01:00:00,28874.7,Long,-0.3697
2023-06-21 16:15:00,30635.2,Long,0.0718
2023-06-23 15:45:00,31232.9,Long,1.1134
2023-06-26 13:45:00,30631.2,Long,-0.6701
2023-06-26 14:30:00,30286.5,Short,-0.8048
2023-06-27 10:00:00,30626.3,Long,-1.0416
2023-06-28 12:30:00,30141.4,Short,0.4131
2023-06-28 12:45:00,30091.6,Short,-0.5766
2023-06-30 04:30:00,31165.6,Long,-2.0
2023-06-30 13:30:00,30295.5,Short,1.4482
2023-06-30 13:45:00,30120.0,Short,-1.2375
2023-07-02 22:15:00,30681.1,Long,-0.9485
2023-07-03 15:30:00,31057.9,Long,0.0813
2023-07-06 08:30:00,30962.6,Long,2.9301
2023-07-06 08:45:00,31325.5,Long,-0.0343
2023-07-08 19:15:00,30099.1,Short,-0.1038
2023-07-10 00:00:00,30017.4,Short,-0.3898
2023-07-10 13:30:00,30259.8,Long,-0.5354
2023-07-10 18:30:00,30425.0,Long,0.7749
2023-07-10 19:45:00,30824.5,Long,0.4299
2023-07-13 09:00:00,30505.8,Long,-0.2713
2023-07-13 13:30:00,30649.1,Long,-0.0196
2023-07-14 18:15:00,30378.8,Short,1.8837
2023-07-14 18:30:00,30149.9,Short,0.6236
2023-07-16 02:15:00,30104.6,Short,-1.5687
2023-07-16 14:15:00,30389.6,Long,-0.0617
2023-07-16 23:15:00,30189.3,Short,-0.3809
2023-07-20 14:30:00,29783.5,Short,0.141
2023-07-21 19:00:00,29791.3,Short,-0.6252
2023-07-22 07:30:00,29956.1,Long,-0.1928
2023-07-22 23:15:00,29682.8,Short,-0.0615
2023-07-23 17:45:00,30110.1,Long,-0.1403
2023-07-26 02:45:00,29280.1,Long,0.1358
2023-07-26 12:15:00,29227.9,Long,-0.1531
2023-07-28 14:15:00,29430.9,Long,-0.1181
2023-07-29 12:15:00,29306.2,Long,-0.3446
2023-07-30 06:15:00,29260.0,Short,-0.0162
2023-07-30 19:45:00,29187.2,Short,0.4754
2023-07-30 20:00:00,29131.7,Short,-0.1502
2023-07-31 00:30:00,29492.7,Long,-0.3645
2023-08-01 02:00:00,28907.7,Short,-0.4229
2023-08-01 23:00:00,29368.1,Long,0.3388
2023-08-01 23:45:00,29701.2,Long,-0.0008
2023-08-02 16:45:00,29014.2,Short,-0.5687
2023-08-04 18:15:00,29100.9,Short,0.6409
2023-08-04 18:30:00,29026.3,Short,-0.1878
2023-08-06 06:00:00,29048.9,Short,-0.0361
2023-08-07 10:30:00,29134.4,Long,0.0009
2023-08-08 00:45:00,29253.9,Long,-0.6879
2023-08-08 10:30:00,29255.2,Long,0.2897
2023-08-08 10:45:00,29289.1,Long,-0.1374
2023-08-08 11:45:00,29428.0,Long,-0.2447
2023-08-12 22:00:00,29418.0,Long,-0.0161
2023-08-13 00:45:00,29443.4,Long,0.0161
2023-08-13 10:45:00,29389.7,Short,0.0604
2023-08-13 11:00:00,29382.6,Short,0.0034
2023-08-13 11:30:00,29363.2,Short,-0.092
2023-08-13 13:15:00,29362.5,Short,-0.0307
2023-08-13 16:00:00,29320.2,Short,-0.1816
2023-08-13 21:30:00,29364.8,Short,0.0409
2023-08-14 15:15:00,29634.3,Long,0.0515
2023-08-14 18:00:00,29315.0,Short,-0.3189
2023-08-15 19:00:00,29150.7,Short,-0.0523
2023-08-16 05:30:00,29140.8,Short,0.0927
2023-08-16 16:00:00,29013.1,Short,0.4317
2023-08-17 00:30:00,28417.2,Short,-1.3135
2023-08-17 15:30:00,28035.9,Short,1.0255
2023-08-17 21:30:00,24804.1,Short,-2.0
2023-08-18 04:15:00,26198.4,Short,-0.855
2023-08-18 14:45:00,25998.7,Short,-1.6126
2023-08-20 00:30:00,26162.9,Long,0.0573
2023-08-21 05:15:00,26122.4,Long,-0.1828
2023-08-21 15:15:00,25853.0,Short,-0.7639
2023-08-22 21:15:00,25620.3,Short,-0.3903
2023-08-23 13:45:00,26003.9,Long,-0.5874
2023-08-24 14:30:00,26062.9,Short,-0.3568
2023-08-25 13:45:00,26056.3,Short,-0.379
2023-08-25 14:30:00,25912.5,Short,0.877
2023-08-26 12:15:00,25999.9,Short,0.0942
2023-08-26 23:00:00,25990.0,Short,-0.1472
2023-08-28 05:30:00,25933.0,Short,-0.1658
2023-08-28 12:00:00,26076.2,Long,0.7555
2023-08-28 12:15:00,26155.0,Long,-0.5754
2023-08-28 23:15:00,26120.5,Long,-0.1484
2023-08-29 14:15:00,26936.3,Long,5.617
2023-08-29 14:30:00,27541.5,Long,-0.5147
2023-08-31 15:30:00,26904.8,Short,-0.0437
2023-08-31 16:30:00,26480.1,Short,2.4245
2023-08-31 16:45:00,26223.3,Short,-1.471
2023-09-01 12:30:00,25993.6,Short,-0.5473
2023-09-01 17:15:00,25365.3,Short,-0.5874
2023-09-06 17:45:00,25845.6,Long,-0.4092
2023-09-07 21:00:00,26211.4,Long,-0.1421
2023-09-08 10:00:00,25723.7,Short,-0.6774
2023-09-09 05:45:00,25828.9,Short,-0.2313
2023-09-09 13:30:00,25808.8,Short,-0.0378
2023-09-10 04:15:00,25767.3,Short,-0.2183
2023-09-11 09:15:00,25660.1,Short,-0.4823
2023-09-11 14:00:00,25364.4,Short,-0.1133
2023-09-12 10:15:00,26239.5,Long,-1.311
2023-09-14 00:45:00,26514.0,Long,-1.619
2023-09-15 22:30:00,26703.3,Long,0.5711
2023-09-15 22:45:00,26764.3,Long,-0.2531
2023-09-18 07:15:00,26731.9,Long,-0.577
2023-09-19 09:15:00,27251.9,Long,0.6321
2023-09-21 09:15:00,26810.6,Short,0.193
2023-09-24 23:15:00,26228.0,Short,-0.2107
2023-09-27 09:45:00,26383.4,Long,0.2521
2023-09-27 10:00:00,26410.0,Long,-0.1496
2023-09-27 11:30:00,26666.4,Long,0.8381
2023-09-28 00:15:00,26525.2,Long,-0.6173
2023-09-28 14:30:00,26779.7,Long,0.0028
2023-09-29 06:45:00,27060.7,Long,-0.3169
2023-09-29 07:30:00,27139.3,Long,0.2644
2023-09-29 14:30:00,26988.9,Long,-0.8457
2023-10-01 22:15:00,27861.9,Long,0.638
2023-10-02 03:30:00,28089.5,Long,0.2252
2023-10-02 13:45:00,28540.0,Long,-2.0
2023-10-04 19:00:00,27766.8,Long,-0.1522
2023-10-05 13:00:00,27839.2,Long,1.4287
2023-10-05 13:15:00,27998.3,Long,-0.5206
2023-10-06 12:30:00,27517.9,Short,2.5374
2023-10-06 12:45:00,27238.6,Short,-1.2877
2023-10-08 01:30:00,28002.1,Long,-0.0071
2023-10-08 13:00:00,27722.0,Short,-1.2499
2023-10-09 01:45:00,27948.4,Long,-0.0179
2023-10-09 09:45:00,27531.0,Short,-0.02
2023-10-11 15:15:00,26813.5,Short,0.3711
2023-10-13 20:45:00,26967.8,Long,-0.6285
2023-10-14 21:15:00,26794.8,Short,-0.1633
2023-10-15 08:30:00,26896.9,Long,-0.0177
2023-10-15 11:00:00,26847.5,Short,-0.0838
2023-10-15 13:00:00,26867.9,Long,0.4383
2023-10-15 13:15:00,26915.0,Long,-0.418
2023-10-15 18:30:00,27031.4,Long,0.136
2023-10-15 20:30:00,27174.4,Long,0.1794
2023-10-16 05:15:00,27757.7,Long,0.7953
2023-10-16 13:15:00,29466.7,Long,-2.0
2023-10-16 18:45:00,28536.9,Long,1.4078
2023-10-18 04:45:00,28716.8,Long,-0.4936
2023-10-18 09:45:00,28246.2,Short,-1.1382
2023-10-19 01:30:00,28108.5,Short,-1.0202
2023-10-20 08:15:00,29589.1,Long,1.8343
2023-10-20 08:30:00,29806.2,Long,-0.7247
2023-10-21 06:15:00,29654.9,Long,0.1568
2023-10-21 09:45:00,29829.7,Long,-0.3931
2023-10-21 17:30:00,30062.2,Long,0.5838
2023-10-22 05:45:00,30103.3,Long,0.1777
2023-10-22 22:30:00,29955.9,Long,0.5633
2023-10-23 01:15:00,30405.3,Long,-0.7227
2023-10-24 21:45:00,34123.3,Long,-0.0769
2023-10-27 17:00:00,33654.1,Short,-0.4843
2023-10-29 08:45:00,34257.9,Long,-0.3846
2023-10-29 17:30:00,34663.8,Long,-0.6361
2023-11-01 12:45:00,34825.4,Long,0.0395
2023-11-01 14:45:00,34184.6,Short,-0.5214
2023-11-01 20:45:00,35493.7,Long,-0.7234
2023-11-03 04:45:00,34406.5,Short,0.1163
2023-11-04 06:15:00,34737.5,Short,-0.2836
2023-11-04 21:15:00,34858.4,Long,-0.2331
2023-11-04 22:30:00,35037.0,Long,0.9626
2023-11-04 22:45:00,35171.9,Long,-0.3909
2023-11-05 03:45:00,35292.1,Long,-0.3953
2023-11-05 17:00:00,35212.6,Long,-0.6297
2023-11-05 21:45:00,34652.8,Short,-0.1941
2023-11-05 23:00:00,35186.2,Long,-0.4704
2023-11-09 02:15:00,36386.5,Long,-0.0289
2023-11-09 13:45:00,37179.7,Long,3.0554
2023-11-09 14:00:00,37634.1,Long,-0.4026
2023-11-10 10:45:00,36775.2,Long,0.705
2023-11-10 11:00:00,36878.9,Long,0.6101
2023-11-11 22:00:00,36819.9,Short,-0.5676
2023-11-11 23:45:00,37162.1,Long,-0.0673
2023-11-12 23:15:00,37047.5,Short,0.3057
2023-11-14 15:15:00,36271.7,Short,0.4466
2023-11-14 18:45:00,35239.5,Short,-0.9975
2023-11-15 18:00:00,37092.6,Long,0.4988
2023-11-18 05:00:00,36312.6,Short,-0.1466
2023-11-19 23:00:00,37399.9,Long,-0.3336
2023-11-21 14:30:00,36697.0,Short,0.344
2023-11-23 09:45:00,37643.7,Long,-0.6927
2023-11-24 07:45:00,37531.1,Long,-0.2991
2023-11-24 09:30:00,37712.5,Long,-0.5204
2023-11-24 15:15:00,38287.9,Long,-0.0366
2023-11-26 12:15:00,37565.0,Short,0.3554
2023-11-26 23:00:00,37380.0,Short,-0.3518
2023-11-27 06:45:00,37258.8,Short,-0.4059
2023-11-30 13:45:00,37709.6,Short,0.0206
2023-12-01 01:15:00,37870.8,Long,0.2575
2023-12-01 09:15:00,38586.0,Long,0.0136
2023-12-01 16:15:00,38779.9,Long,-0.3152
2023-12-02 19:00:00,39435.8,Long,-0.5946
2023-12-04 01:15:00,40661.2,Long,0.4359
2023-12-04 05:00:00,41212.1,Long,0.4562
2023-12-04 22:00:00,42318.7,Long,-0.0951
2023-12-05 17:00:00,43199.2,Long,3.3091
2023-12-05 17:15:00,43771.0,Long,-2.0
2023-12-07 09:00:00,43440.1,Short,2.0546
2023-12-07 09:15:00,43083.1,Short,-1.6422
2023-12-08 11:30:00,43696.1,Long,-0.0503
2023-12-08 20:45:00,44393.2,Long,-0.2117
2023-12-08 21:15:00,44610.3,Long,-0.4057
2023-12-10 07:45:00,43995.8,Long,-0.1983
2023-12-11 02:00:00,41725.9,Short,-2.0
2023-12-13 15:00:00,41833.0,Long,-0.3143
2023-12-13 19:30:00,42747.6,Long,-0.0047
2023-12-14 06:15:00,43020.3,Long,-0.4556
2023-12-14 13:45:00,42564.7,Long,-0.8176
2023-12-14 17:30:00,43288.4,Long,-0.4164
2023-12-15 09:00:00,43029.4,Long,-0.6048
2023-12-17 17:00:00,42457.0,Long,-0.5394
2023-12-18 21:00:00,42462.9,Long,-0.0094
2023-12-19 01:45:00,43346.1,Long,-0.6696
2023-12-20 06:15:00,42989.8,Long,-0.8252
2023-12-20 13:45:00,43816.8,Long,-0.7429
2023-12-24 22:00:00,43058.8,Short,-0.1817
2023-12-25 12:45:00,43700.1,Long,0.0721
2023-12-26 05:00:00,43265.1,Short,0.8303
2023-12-26 05:30:00,42783.5,Short,-0.0567
2023-12-26 15:45:00,42423.1,Short,0.6694
2023-12-27 10:15:00,43100.4,Long,0.8051
2023-12-27 10:30:00,43239.2,Long,-0.0064
2023-12-27 22:00:00,43656.4,Long,-0.8968
2023-12-29 14:30:00,43075.3,Long,-0.0563
2023-12-29 15:45:00,42301.6,Short,0.5857
2023-12-30 08:45:00,41613.4,Short,0.015
2023-12-31 07:15:00,42561.7,Long,-0.178
2024-01-01 23:15:00,44059.2,Long,0.4579
2024-01-02 00:00:00,44744.5,Long,-0.3637
2024-01-03 12:00:00,41948.5,Short,-2.0
2024-01-04 15:15:00,44163.8,Long,-0.1868
2024-01-05 01:45:00,43374.5,Short,-1.4836
2024-01-08 06:15:00,44142.5,Long,-0.7334
2024-01-08 11:45:00,44637.2,Long,2.8614
2024-01-08 12:00:00,45148.1,Long,-2.0
2024-01-08 18:30:00,46960.2,Long,0.0532
2024-01-10 08:45:00,45328.2,Short,-0.7677
2024-01-10 17:30:00,46299.5,Long,0.5961
2024-01-11 10:15:00,46548.0,Long,0.9555
2024-01-11 10:30:00,46725.9,Long,0.7731
2024-01-11 14:00:00,47805.0,Long,0.4335
2024-01-11 14:30:00,48569.8,Long,0.0417
2024-01-12 22:00:00,42582.4,Short,3.9682
2024-01-15 18:15:00,43171.9,Long,0.9393
2024-01-15 18:30:00,43334.1,Long,-1.838
2024-01-18 10:45:00,42450.3,Short,-0.1708
2024-01-23 09:00:00,39125.3,Short,1.2939
2024-01-26 08:00:00,40085.0,Long,0.4197
2024-01-26 08:15:00,40152.3,Long,-0.0679
2024-01-28 04:45:00,42710.4,Long,0.0152
2024-01-29 15:45:00,42623.2,Long,-0.4587
2024-01-30 23:15:00,42874.2,Short,0.6099
2024-01-31 10:45:00,42375.9,Short,-0.6808
2024-01-31 15:30:00,43367.8,Long,-0.1499
2024-01-31 20:00:00,42888.0,Short,-0.7112
2024-02-01 01:15:00,42008.6,Short,-0.1583
2024-02-02 05:45:00,43091.2,Long,0.0313
2024-02-03 00:15:00,43341.7,Long,-0.2959
2024-02-04 04:15:00,42902.9,Short,-0.0577
2024-02-05 07:30:00,43056.4,Long,0.0151
2024-02-05 20:15:00,42420.3,Short,-0.1279
2024-02-08 14:00:00,45159.4,Long,-0.7446
2024-02-09 02:15:00,45775.6,Long,0.9224
2024-02-09 02:30:00,45944.5,Long,1.7869
2024-02-09 02:45:00,46272.9,Long,0.054
2024-02-10 20:30:00,47889.9,Long,-0.1326
2024-02-11 03:30:00,48269.2,Long,1.2839
2024-02-12 07:00:00,48193.5,Long,0.8253
2024-02-12 14:30:00,48555.5,Long,1.3361
2024-02-12 14:45:00,48815.0,Long,1.4447
2024-02-12 15:00:00,49097.1,Long,-0.3167
2024-02-12 15:30:00,49685.9,Long,1.2051
2024-02-12 15:45:00,49925.4,Long,-1.4091
2024-02-14 08:45:00,50801.7,Long,1.0083
2024-02-14 09:00:00,51006.6,Long,1.3866
2024-02-17 13:15:00,51419.9,Short,0.653
2024-02-17 14:30:00,50809.1,Short,-0.3582
2024-02-17 21:15:00,51886.3,Long,0.0294
2024-02-20 13:30:00,52932.0,Long,-0.1984
2024-02-22 20:15:00,51954.4,Long,-0.1155
2024-02-23 02:45:00,51124.5,Short,0.3218
2024-02-25 20:00:00,51948.1,Long,0.0746
2024-02-26 09:15:00,51084.4,Short,0.4727
2024-02-26 09:30:00,50987.8,Short,0.0167
2024-02-26 15:00:00,51978.9,Long,2.0633
2024-02-26 15:15:00,52407.9,Long,0.8353
2024-02-26 16:00:00,53562.0,Long,-1.2098
2024-02-27 01:30:00,55204.7,Long,2.9558
2024-02-27 01:45:00,55857.4,Long,2.8685
2024-02-27 02:00:00,56498.3,Long,-0.092
2024-02-27 12:30:00,57449.6,Long,-2.0
2024-02-28 07:30:00,57897.2,Long,1.7393
2024-02-28 07:45:00,58300.0,Long,0.8401
2024-02-28 08:45:00,59503.7,Long,-0.7752
2024-02-28 13:15:00,60380.0,Long,-0.2919
2024-02-28 17:00:00,63971.8,Long,-2.0
2024-02-29 06:00:00,63282.6,Long,-0.2868
2024-03-01 08:15:00,61918.7,Long,1.1959
2024-03-01 08:30:00,62214.9,Long,-0.9439
2024-03-01 12:30:00,62552.6,Long,-1.0439
2024-03-03 12:00:00,62307.8,Long,1.3461
2024-03-03 12:15:00,62643.3,Long,-0.8273
2024-03-04 00:30:00,64302.8,Long,-2.0
2024-03-04 08:30:00,65609.6,Long,-1.0601
2024-03-05 14:30:00,68475.1,Long,1.2212
2024-03-05 16:00:00,65480.2,Short,-1.686
2024-03-08 15:15:00,69755.5,Long,-2.0
2024-03-08 16:00:00,66481.2,Short,-1.5
2024-03-11 06:45:00,69393.3,Long,4.8121
2024-03-11 07:00:00,70729.0,Long,0.064
2024-03-12 06:45:00,72331.0,Long,-0.3363
2024-03-13 07:00:00,73134.1,Long,-0.4146
2024-03-15 02:15:00,70758.5,Short,3.5671
2024-03-15 02:30:00,69748.9,Short,2.4606
2024-03-15 02:45:00,69062.4,Short,-0.4098
2024-03-15 03:15:00,67467.8,Short,-2.0
2024-03-15 09:00:00,66165.0,Short,-2.0
2024-03-16 23:00:00,65379.9,Short,-0.0432
2024-03-17 06:45:00,65007.0,Short,-0.8195
2024-03-22 09:30:00,65491.8,Short,-0.1695
2024-03-24 08:00:00,64927.0,Long,-0.6584
2024-03-25 14:00:00,68635.2,Long,2.1924
2024-03-25 14:15:00,69237.1,Long,-0.2759
2024-03-26 07:15:00,71541.6,Long,-1.2108
2024-03-27 13:00:00,71300.1,Long,1.5003
2024-03-27 13:15:00,71728.0,Long,-2.0
2024-03-27 13:45:00,69966.2,Short,2.3965
2024-03-29 15:30:00,69429.6,Short,0.6823
2024-04-01 05:45:00,69212.2,Short,-0.4331
2024-04-02 02:15:00,68491.3,Short,6.0
2024-04-02 02:30:00,66683.2,Short,-1.2841
2024-04-04 02:15:00,65609.7,Short,-0.3003
2024-04-04 13:15:00,67279.9,Long,0.2612
2024-04-04 17:45:00,68847.4,Long,0.1812
2024-04-05 05:15:00,66673.3,Short,-0.6974
2024-04-06 22:45:00,69040.6,Long,1.9242
2024-04-06 23:00:00,69572.0,Long,-0.5458
2024-04-08 07:30:00,70694.1,Long,0.1814
2024-04-08 08:00:00,71378.0,Long,-0.2245
2024-04-08 08:45:00,72057.3,Long,-0.009
2024-04-09 13:45:00,69979.8,Short,-1.2864
2024-04-09 14:30:00,69216.0,Short,-0.7224
2024-04-10 08:00:00,69071.7,Short,-0.1723
2024-04-10 12:30:00,68010.0,Short,-0.0132
2024-04-10 22:00:00,70529.5,Long,1.5752
2024-04-10 22:15:00,70973.9,Long,-0.4886
2024-04-11 12:30:00,70880.0,Long,0.0938
2024-04-12 17:15:00,67920.2,Short,-0.9857
2024-04-12 18:30:00,66558.9,Short,0.1363
2024-04-13 19:45:00,64779.1,Short,6.0
2024-04-13 20:00:00,62563.1,Short,1.8813
2024-04-15 06:15:00,66308.9,Long,-0.0995
2024-04-16 10:15:00,61862.0,Short,-1.7204
2024-04-18 11:00:00,62374.9,Long,2.0834
2024-04-18 11:15:00,62894.7,Long,-1.1873
2024-04-19 01:00:00,62115.0,Short,0.225
2024-04-19 01:30:00,61017.1,Short,0.0701
2024-04-19 02:15:00,59653.3,Short,-2.0
2024-04-19 06:30:00,63619.0,Long,3.8393
2024-04-19 06:45:00,64596.0,Long,-1.3283
2024-04-20 15:45:00,64771.0,Long,-0.7673
2024-04-21 21:00:00,64947.6,Long,-0.1043
2024-04-27 01:15:00,62580.1,Short,-0.3048
2024-04-28 00:15:00,63710.0,Long,-0.6726
2024-04-28 02:45:00,63919.4,Long,1.4256
2024-04-28 03:00:00,64283.9,Long,-0.5775
2024-04-30 00:45:00,64565.9,Long,-0.9188
2024-04-30 08:00:00,62825.1,Short,0.3729
2024-04-30 08:30:00,62184.8,Short,1.1253
2024-04-30 08:45:00,61904.9,Short,-0.6583
2024-04-30 19:45:00,59276.2,Short,-2.0
2024-05-01 07:00:00,58485.6,Short,2.1873
2024-05-02 01:30:00,57158.1,Short,0.269
2024-05-03 02:00:00,59724.7,Long,-0.6421
2024-05-03 20:15:00,62735.2,Long,0.6802
2024-05-04 01:15:00,63546.1,Long,-2.0
2024-05-04 10:30:00,63802.0,Long,2.3181
2024-05-04 10:45:00,64393.6,Long,-0.9228
2024-05-05 23:15:00,64156.4,Long,-0.583
2024-05-06 08:15:00,65352.4,Long,0.2322
2024-05-07 08:15:00,64226.6,Long,-0.4539
2024-05-07 14:45:00,63995.8,Long,-0.5043
2024-05-07 23:00:00,62398.1,Short,0.3562
2024-05-10 14:45:00,61034.8,Short,0.7578
2024-05-12 07:15:00,60781.1,Short,0.1106
2024-05-13 07:45:00,62296.6,Long,1.3777
2024-05-13 08:00:00,62639.9,Long,0.2937
2024-05-14 06:00:00,61761.0,Short,0.5428
2024-05-14 06:15:00,61626.9,Short,-1.4056
2024-05-15 09:30:00,62427.1,Long,0.7969
2024-05-15 09:45:00,62626.1,Long,-0.5433
2024-05-15 12:30:00,63640.0,Long,0.3736
2024-05-16 11:45:00,66483.8,Long,-1.0412
2024-05-17 07:00:00,66302.9,Long,-0.0486
2024-05-20 04:30:00,67027.5,Long,0.2704
2024-05-20 06:45:00,66372.5,Short,-1.0049
2024-05-20 16:30:00,68218.6,Long,-0.1986
2024-05-20 23:15:00,71471.2,Long,-0.142
2024-05-23 12:45:00,69461.1,Short,0.095
2024-05-23 13:30:00,68806.3,Short,2.7014
2024-05-23 13:45:00,68062.8,Short,-0.6803
2024-05-23 18:00:00,67204.0,Short,0.4884
2024-05-25 23:00:00,69319.8,Long,0.1659
2024-05-26 07:30:00,69371.9,Long,-0.0458
2024-05-26 21:30:00,68409.4,Short,-0.4908
2024-05-27 01:30:00,69157.0,Long,-0.24
2024-05-27 05:15:00,68380.1,Short,-0.7067
2024-05-27 15:00:00,69925.4,Long,-0.4255
2024-05-28 01:45:00,68640.8,Short,-0.3602
2024-05-30 08:00:00,67232.0,Short,-0.6782
2024-05-30 13:45:00,68654.6,Long,-0.5265
2024-05-31 12:30:00,68899.9,Long,-0.8251
2024-06-02 09:30:00,67463.4,Short,-0.4095
2024-06-02 11:45:00,68284.1,Long,-0.3434
2024-06-06 13:30:00,71547.5,Long,-1.3418
2024-06-07 12:30:00,71064.3,Short,-0.7377
2024-06-07 17:45:00,69834.0,Short,4.6217
2024-06-07 18:00:00,68543.0,Short,-1.9623
2024-06-09 12:45:00,69734.7,Long,-0.2086
2024-06-09 13:15:00,69520.3,Short,0.3607
2024-06-11 01:45:00,68741.4,Short,0.6234
2024-06-11 02:00:00,68570.0,Short,1.4347
2024-06-11 02:15:00,68176.5,Short,0.2692
2024-06-11 15:30:00,66113.2,Short,-0.5778
2024-06-12 12:30:00,69417.9,Long,-0.2802
2024-06-12 12:45:00,69340.1,Long,0.1431
2024-06-15 20:15:00,65973.4,Short,-0.4866
2024-06-16 10:30:00,66586.7,Long,0.4107
2024-06-17 09:45:00,65696.3,Short,-0.2576
2024-06-18 00:45:00,65730.1,Short,0.1335
2024-06-18 01:30:00,64606.0,Short,-1.9263
2024-06-19 10:45:00,65489.9,Long,-0.4535
2024-06-20 07:15:00,65822.5,Long,0.0266
2024-06-20 10:45:00,66192.6,Long,0.7372
2024-06-20 11:00:00,66387.8,Long,0.0463
2024-06-21 07:45:00,64179.4,Short,-0.3615
2024-06-21 08:45:00,63613.6,Short,-0.1934
2024-06-23 16:45:00,63900.1,Short,-0.511
2024-06-24 09:15:00,62129.7,Short,4.3284
2024-06-24 09:30:00,61054.0,Short,-1.2939
2024-06-25 14:15:00,62058.0,Long,-0.7251
2024-06-27 14:00:00,62348.0,Long,-0.5052
2024-06-28 01:15:00,61915.5,Long,0.3977
2024-06-30 07:00:00,61723.7,Long,-0.303
2024-06-30 18:45:00,62057.4,Long,-0.566
2024-06-30 22:15:00,62948.5,Long,-0.3972
2024-07-01 01:00:00,63642.7,Long,-0.6576
2024-07-02 19:15:00,62004.6,Short,0.0242
2024-07-03 01:45:00,61617.9,Short,0.3327
2024-07-03 03:00:00,60795.0,Short,-0.7603
2024-07-03 08:45:00,60496.1,Short,-0.3066
2024-07-03 10:00:00,60260.0,Short,0.5858
2024-07-04 01:00:00,60104.9,Short,-0.6027
2024-07-04 01:30:00,59599.8,Short,4.3545
2024-07-04 01:45:00,58561.7,Short,-0.628
2024-07-04 08:30:00,57661.7,Short,-0.0538
2024-07-04 23:30:00,57112.0,Short,0.2893
2024-07-05 02:45:00,55756.4,Short,1.8231
2024-07-06 16:15:00,57742.4,Long,0.6321
2024-07-07 21:00:00,56716.2,Short,2.196
2024-07-07 21:15:00,56218.0,Short,-0.539
2024-07-08 08:45:00,57767.8,Long,-0.4215
2024-07-08 14:15:00,55591.1,Short,-2.0
2024-07-09 01:00:00,57053.2,Long,-1.2558
2024-07-09 14:00:00,57844.6,Long,-1.2101
2024-07-11 01:45:00,58260.9,Long,-1.2268
2024-07-12 01:15:00,56583.6,Short,-0.748
2024-07-13 09:15:00,58178.9,Long,0.6424
2024-07-13 09:30:00,58328.4,Long,1.396
2024-07-13 09:45:00,58654.1,Long,0.1722
2024-07-14 14:45:00,59988.5,Long,-0.0796
2024-07-14 20:30:00,60122.3,Long,-0.2649
2024-07-14 21:15:00,60726.7,Long,0.1144
2024-07-14 21:45:00,61260.1,Long,-1.8283
2024-07-15 02:15:00,62199.5,Long,0.1789
2024-07-16 23:15:00,65205.0,Long,-0.1802
2024-07-17 21:00:00,64176.0,Short,-0.1913
2024-07-19 07:00:00,63915.2,Short,-0.1924
2024-07-19 13:30:00,64596.1,Long,1.9657
2024-07-19 13:45:00,65104.0,Long,1.6055
2024-07-19 14:00:00,65522.1,Long,0.0076
2024-07-20 17:00:00,67049.5,Long,0.4299
2024-07-22 13:45:00,67073.5,Short,-0.6314
2024-07-24 13:15:00,66652.6,Long,0.2352
2024-07-24 13:45:00,66315.7,Short,-1.12
2024-07-25 01:00:00,64533.9,Short,0.5094
2024-07-27 13:00:00,68832.5,Long,-0.0992
2024-07-28 04:45:00,67315.3,Short,0.2421
2024-07-31 13:30:00,66668.7,Long,-0.6907
2024-07-31 14:15:00,66101.1,Short,-1.0079
2024-08-01 15:15:00,62964.9,Short,0.1672
2024-08-02 02:15:00,63945.9,Short,-1.0216
2024-08-02 13:30:00,65413.4,Long,-0.7842
2024-08-02 14:30:00,63861.9,Short,2.8041
2024-08-02 14:45:00,63145.6,Short,2.1993
2024-08-03 15:15:00,61548.0,Short,0.654
2024-08-03 15:45:00,60857.7,Short,0.1097
2024-08-04 14:00:00,60471.1,Short,0.5449
2024-08-04 14:30:00,59756.0,Short,0.8033
2024-08-04 14:45:00,59564.0,Short,0.8571
2024-08-04 17:30:00,57348.6,Short,-2.0
2024-08-05 00:30:00,56699.6,Short,2.4502
2024-08-05 01:00:00,53922.0,Short,-1.4247
2024-08-05 06:15:00,50010.0,Short,-1.9231
2024-08-08 22:45:00,62301.9,Long,0.0995
2024-08-10 18:00:00,61094.0,Long,-0.552
2024-08-11 19:15:00,59636.7,Short,-0.659
2024-08-11 20:00:00,58999.9,Short,1.6949
2024-08-11 20:15:00,58599.9,Short,-0.3899
2024-08-12 13:30:00,58780.3,Short,2.7501
2024-08-12 13:45:00,58133.7,Short,-2.0
2024-08-13 16:30:00,60595.3,Long,2.1689
2024-08-13 16:45:00,61121.0,Long,0.8843
2024-08-14 12:15:00,61682.9,Long,-1.9868
2024-08-14 13:45:00,59583.0,Short,2.1684
2024-08-15 01:45:00,58172.7,Short,-0.9184
2024-08-15 18:00:00,57873.3,Short,0.2186
2024-08-18 02:45:00,60102.0,Long,-1.6659
2024-08-18 23:45:00,58390.0,Short,-0.9539
2024-08-19 13:45:00,58176.7,Short,-0.4336
2024-08-20 00:15:00,60286.5,Long,-0.2691
2024-08-20 15:00:00,58834.5,Short,-0.8473
2024-08-23 05:00:00,60868.4,Long,0.4547
2024-08-23 06:45:00,61163.6,Long,-0.244
2024-08-23 14:00:00,62058.6,Long,-1.1284
2024-08-23 17:45:00,62966.3,Long,-0.0488
2024-08-25 23:00:00,64808.9,Long,-0.346
2024-08-27 21:45:00,60379.6,Short,6.0
2024-08-27 22:00:00,58316.0,Short,-2.0
2024-08-28 13:45:00,59315.4,Short,-1.8655
2024-08-29 18:15:00,59596.1,Short,1.6008
2024-08-31 09:00:00,58847.5,Short,-0.2634
2024-08-31 13:45:00,58926.1,Short,-0.5537
2024-09-01 02:00:00,58585.1,Short,1.2576
2024-09-01 02:15:00,58290.4,Short,-0.6759
2024-09-01 10:00:00,57981.3,Short,0.0694
2024-09-01 22:15:00,57487.8,Short,-0.1165
2024-09-03 02:00:00,59739.2,Long,-0.7947
2024-09-03 10:15:00,59144.1,Long,-0.4738
2024-09-03 13:45:00,58371.4,Short,2.1547
2024-09-03 14:00:00,57868.3,Short,-0.6377
2024-09-04 00:45:00,57105.1,Short,4.0977
2024-09-04 01:00:00,56169.1,Short,-0.9872
2024-09-06 07:15:00,55545.6,Short,-0.5504
2024-09-06 13:30:00,56085.2,Short,0.9428
2024-09-06 14:00:00,55075.5,Short,1.3196
2024-09-08 22:15:00,55185.9,Long,-2.0
2024-09-09 21:00:00,57473.4,Long,0.7486
2024-09-12 00:30:00,57854.9,Long,-1.1568
2024-09-12 14:00:00,57938.2,Long,1.1939
2024-09-12 14:15:00,58214.9,Long,-1.035
2024-09-15 23:00:00,58806.8,Short,-1.7668
2024-09-17 00:45:00,57610.9,Short,-0.2951
2024-09-17 14:00:00,59708.1,Long,1.9591
2024-09-17 14:15:00,60176.0,Long,-0.415
2024-09-17 15:00:00,61017.1,Long,0.4736
2024-09-19 00:00:00,62020.0,Long,0.7735
2024-09-22 21:45:00,62750.0,Short,0.5307
2024-09-22 22:30:00,63480.0,Long,1.4831
2024-09-22 22:45:00,63856.6,Long,-1.1256
2024-09-24 19:45:00,64270.0,Long,0.1696
2024-09-26 09:15:00,63874.5,Long,-0.3209
2024-09-26 10:15:00,64189.6,Long,0.6309
2024-09-26 14:00:00,64770.1,Long,-0.3725
2024-09-27 12:30:00,65755.8,Long,-0.1707
2024-09-28 12:30:00,65411.5,Short,-0.3703
2024-09-28 21:00:00,65516.9,Short,-0.1107
2024-09-28 21:30:00,65646.8,Long,0.0499
2024-09-29 05:30:00,65532.7,Short,-0.1148
2024-09-30 01:45:00,64737.8,Short,0.8573
2024-09-30 23:30:00,62952.1,Short,-1.4177
2024-10-01 13:30:00,62762.1,Short,-0.3059
2024-10-03 08:15:00,60328.1,Short,-0.1807
2024-10-06 14:45:00,62679.7,Long,-0.3131
2024-10-07 14:00:00,63875.2,Long,1.1339
2024-10-07 22:45:00,62430.4,Short,-0.68
2024-10-08 14:15:00,62330.9,Short,-0.5098
2024-10-09 12:30:00,61852.0,Short,-0.405
2024-10-09 20:45:00,60388.6,Short,-0.8271
2024-10-10 17:45:00,59589.0,Short,1.8858
2024-10-10 18:00:00,59139.5,Short,0.3817
2024-10-11 15:00:00,62181.0,Long,-0.2046
2024-10-12 10:00:00,62929.6,Long,-0.0846
2024-10-13 14:45:00,62222.0,Short,-0.0876
2024-10-14 14:15:00,66038.6,Long,0.3865
2024-10-15 13:45:00,67646.7,Long,-1.1719
2024-10-16 01:15:00,67460.0,Long,-0.9854
2024-10-18 01:45:00,68080.1,Long,-0.871
2024-10-20 06:45:00,68381.2,Long,0.0987
2024-10-20 12:45:00,68239.1,Short,-0.0227
2024-10-20 13:30:00,68395.9,Long,0.1561
2024-10-22 00:15:00,66930.1,Short,-0.0751
2024-10-24 00:45:00,67423.4,Long,0.4064
2024-10-24 01:00:00,67533.0,Long,-1.0147
2024-10-24 08:45:00,66835.8,Short,-0.2641
2024-10-25 13:45:00,68314.4,Long,0.3883
2024-10-25 22:45:00,66600.0,Short,3.1592
2024-10-25 23:00:00,65758.4,Short,-0.1494
2024-10-29 02:00:00,71020.6,Long,1.181
2024-10-29 02:15:00,71356.1,Long,0.0067
2024-11-01 13:45:00,71213.2,Long,0.5336
2024-11-01 15:30:00,69948.2,Short,2.0272
2024-11-03 02:00:00,68683.3,Short,1.6401
2024-11-03 02:15:00,68232.7,Short,0.5001
2024-11-06 00:15:00,70290.1,Long,3.1747
2024-11-06 00:30:00,71182.7,Long,-0.4359
2024-11-06 02:15:00,72373.2,Long,1.5344
2024-11-10 02:15:00,77297.7,Long,0.3694
2024-11-10 04:30:00,77900.1,Long,4.4082
2024-11-10 04:45:00,79273.7,Long,-0.3147
2024-11-11 10:00:00,82155.5,Long,-0.6247
2024-11-11 15:15:00,83781.6,Long,0.3023
2024-11-11 23:00:00,89564.7,Long,-1.5062
2024-11-13 13:30:00,89157.1,Long,0.175
2024-11-13 14:30:00,90835.6,Long,2.002
2024-11-15 12:00:00,90722.8,Long,-1.0584
2024-11-17 02:00:00,89530.4,Short,-0.6967
2024-11-18 06:30:00,91458.9,Long,2.0602
2024-11-18 06:45:00,92212.6,Long,-0.4647
2024-11-18 11:30:00,90390.5,Short,0.1433
2024-11-18 15:30:00,91970.3,Long,1.1892
2024-11-21 04:00:00,96944.7,Long,-1.2757
2024-11-21 04:45:00,97591.2,Long,-0.4685
2024-11-21 11:00:00,98249.2,Long,-0.4957
2024-11-23 16:15:00,97730.0,Short,-0.2407
2024-11-25 14:30:00,96686.9,Short,3.2127
2024-11-25 14:45:00,95444.4,Short,0.3206
2024-11-26 08:15:00,92567.0,Short,-0.804
2024-11-27 15:30:00,95625.1,Long,-0.0382
2024-11-29 02:00:00,96504.6,Long,-0.0588
2024-11-29 14:45:00,98082.0,Long,1.2716
2024-11-29 15:00:00,98580.9,Long,-1.0575
2024-11-30 05:45:00,97154.6,Long,-0.5736
2024-12-01 13:15:00,97350.0,Long,-0.4227
2024-12-02 01:15:00,98159.5,Long,-0.8983
2024-12-02 03:45:00,96549.8,Short,0.7781
2024-12-02 08:15:00,95288.1,Short,0.4245
2024-12-03 10:45:00,94743.1,Short,-0.4481
2024-12-03 13:45:00,93775.1,Short,-1.4764
2024-12-04 01:30:00,96614.4,Long,-0.8164
2024-12-04 02:00:00,95468.6,Short,-0.5614
2024-12-04 14:30:00,96400.3,Long,-1.3491
2024-12-04 20:00:00,98149.9,Long,0.0285
2024-12-05 22:15:00,94101.9,Short,-2.0
2024-12-06 17:30:00,100722.2,Long,0.479
2024-12-06 23:15:00,99462.2,Short,-1.1027
2024-12-09 00:30:00,99692.2,Short,-0.0905
2024-12-09 14:45:00,100207.3,Long,-1.8217
2024-12-09 15:15:00,98332.6,Short,1.0459
2024-12-10 03:00:00,96082.6,Short,0.2303
2024-12-11 08:30:00,98460.2,Long,-0.8788
2024-12-11 14:45:00,99500.0,Long,0.8922
2024-12-11 15:15:00,100481.4,Long,-0.6011
2024-12-12 02:45:00,101804.8,Long,-1.2615
2024-12-15 04:00:00,102149.9,Long,1.1016
2024-12-15 04:15:00,102600.0,Long,-1.0085
2024-12-15 12:30:00,103232.2,Long,-0.7406
2024-12-15 23:15:00,104788.3,Long,-0.203
2024-12-16 14:30:00,105331.9,Long,0.2896
2024-12-19 14:30:00,101675.2,Short,1.8859
2024-12-19 14:45:00,100908.2,Short,0.2443
2024-12-21 07:30:00,99431.8,Long,-1.1156
2024-12-22 14:15:00,95812.5,Short,0.0947
2024-12-23 13:30:00,95083.9,Short,0.5316
2024-12-23 14:30:00,94270.2,Short,-0.2912
2024-12-26 08:00:00,96658.1,Short,1.3499
2024-12-26 08:15:00,96136.2,Short,0.4384
2024-12-27 09:00:00,97260.4,Long,-1.1096
2024-12-27 14:30:00,95350.5,Short,-0.7826
2024-12-27 15:15:00,94621.2,Short,1.0251
2024-12-28 14:30:00,94577.0,Short,0.0965
2024-12-30 21:30:00,92638.1,Short,1.627
2024-12-31 13:15:00,95728.7,Long,-0.3155
2025-01-06 01:45:00,98735.7,Long,0.6692
2025-01-07 15:00:00,98571.6,Short,0.3244
2025-01-08 11:30:00,94738.3,Short,-0.9384
2025-01-09 02:00:00,94055.4,Short,-1.0613
2025-01-10 07:30:00,94772.2,Long,-0.8315
2025-01-10 13:30:00,93517.3,Short,-0.0126
2025-01-10 15:00:00,92318.4,Short,-2.0
2025-01-12 09:30:00,93756.1,Short,-0.2746
2025-01-12 15:15:00,95222.8,Long,-0.4917
2025-01-12 22:00:00,93990.8,Short,0.3338
2025-01-13 00:15:00,95228.7,Long,0.8128
2025-01-13 10:15:00,91964.0,Short,1.0531
2025-01-14 08:00:00,95501.0,Long,-0.4853
2025-01-14 09:15:00,96379.6,Long,0.9346
2025-01-15 12:30:00,97047.2,Long,-0.3887
2025-01-15 13:30:00,98457.5,Long,1.1645
2025-01-15 13:45:00,98916.1,Long,-0.0233
2025-01-16 14:45:00,97586.7,Short,-0.5265
2025-01-17 15:00:00,103999.4,Long,-0.2474
2025-01-20 06:30:00,104687.9,Long,6.0
2025-01-20 06:45:00,107554.0,Long,3.4178
2025-01-20 17:00:00,104242.1,Short,0.1784
2025-01-20 17:30:00,100706.6,Short,-2.0
2025-01-21 14:30:00,103734.1,Short,1.1313
2025-01-21 16:00:00,106038.9,Long,-1.5527
2025-01-23 14:30:00,104889.1,Long,0.664
2025-01-23 14:45:00,105167.7,Long,-2.0
2025-01-23 15:00:00,103462.3,Short,-1.6987
2025-01-24 03:30:00,104072.9,Long,-0.5532
2025-01-25 15:00:00,104889.6,Long,-0.041
2025-01-26 09:30:00,104575.3,Short,-0.0084
2025-01-26 21:45:00,104500.0,Short,0.295
2025-01-26 23:00:00,103300.8,Short,0.5474
2025-01-26 23:15:00,103074.6,Short,0.3939
2025-01-27 00:45:00,101670.6,Short,0.7389
2025-01-27 07:15:00,97750.8,Short,-2.0
2025-01-31 15:30:00,105604.9,Long,-0.4685
2025-02-01 13:45:00,101833.4,Short,-0.2246
2025-02-03 15:15:00,98290.0,Long,0.7549
2025-02-04 14:30:00,100089.9,Long,-0.3672
2025-02-06 09:00:00,98610.0,Long,-0.4604
2025-02-07 13:30:00,98288.3,Long,1.2708
2025-02-07 13:45:00,98787.9,Long,1.8962
2025-02-07 14:00:00,99537.2,Long,0.2311
2025-02-09 21:30:00,94963.6,Short,-0.4141
2025-02-10 13:45:00,98175.3,Long,-1.2638
2025-02-11 00:00:00,97682.5,Long,0.0886
2025-02-11 13:45:00,96730.8,Short,-0.3673
2025-02-17 15:45:00,95605.5,Short,0.0845
2025-02-18 06:00:00,95256.5,Short,-0.3598
2025-02-18 14:30:00,95899.9,Short,1.0545
2025-02-18 14:45:00,95495.4,Short,-0.0846
2025-02-19 10:00:00,96326.6,Long,-0.1396
2025-02-20 00:45:00,96814.4,Long,-0.3716
2025-02-20 12:00:00,97400.0,Long,-0.0873
2025-02-21 13:00:00,99273.0,Long,-0.2808
2025-02-23 12:15:00,95773.5,Short,0.1002
2025-02-24 08:15:00,95396.7,Short,-0.2893
2025-02-25 07:15:00,89368.3,Short,0.8969
2025-02-26 14:00:00,86444.3,Short,1.6823
2025-02-26 14:15:00,85862.6,Short,-2.0
2025-02-28 01:15:00,83147.2,Short,1.9919
2025-02-28 01:30:00,82484.7,Short,2.6608
2025-02-28 02:30:00,80036.9,Short,-2.0
2025-02-28 15:15:00,84256.7,Long,-1.6812
2025-03-01 21:45:00,86028.8,Long,-0.2165
2025-03-02 15:30:00,88031.4,Long,-1.8212
2025-03-02 16:30:00,91531.8,Long,-1.0007
2025-03-03 18:15:00,87714.1,Short,1.3136
2025-03-04 21:15:00,88717.7,Long,-2.0
2025-03-05 09:15:00,88565.5,Long,-0.1708
2025-03-05 10:15:00,89561.1,Long,1.0512
2025-03-05 10:30:00,89937.7,Long,-0.1596
2025-03-06 10:15:00,91616.4,Long,-1.0921
2025-03-07 00:15:00,86995.1,Short,3.1827
2025-03-07 00:30:00,85887.6,Short,1.1925
2025-03-09 12:00:00,84386.1,Short,-0.5774
2025-03-09 13:45:00,83425.9,Short,1.0195
2025-03-11 00:15:00,77266.8,Short,1.5472
2025-03-11 00:30:00,76788.6,Short,-2.0
2025-03-12 07:45:00,82402.9,Long,0.8194
2025-03-14 15:00:00,84220.5,Long,2.0164
2025-03-16 11:00:00,83207.8,Short,1.1991
2025-03-16 11:15:00,82808.7,Short,0.9791
2025-03-16 16:00:00,84115.6,Long,0.606
2025-03-18 06:30:00,82272.1,Short,-0.4099
2025-03-18 13:30:00,81376.0,Short,0.1401
2025-03-19 18:45:00,85576.0,Long,0.2261
2025-03-22 20:45:00,83895.9,Short,-0.3743
2025-03-23 10:30:00,84470.8,Long,-0.1276
2025-03-23 11:00:00,84650.0,Long,0.6698
2025-03-23 11:15:00,84876.8,Long,-0.3912
2025-03-23 22:00:00,85352.1,Long,0.3248
2025-03-29 11:30:00,82014.0,Short,-0.7349
2025-03-31 00:30:00,81325.8,Short,-0.8672
2025-03-31 13:30:00,81864.1,Short,-1.8262
2025-03-31 14:00:00,83287.5,Long,-1.548
2025-04-01 14:30:00,83474.4,Long,2.0153
2025-04-01 14:45:00,84147.3,Long,2.1346
2025-04-01 15:00:00,84865.8,Long,-0.4699
2025-04-02 09:00:00,85273.2,Long,-0.6746
2025-04-02 13:30:00,85427.7,Long,-0.7132
2025-04-02 20:00:00,87712.4,Long,-2.0
2025-04-03 12:30:00,82145.1,Short,0.7085
2025-04-04 10:00:00,83644.4,Short,2.2494
2025-04-04 10:15:00,82891.8,Short,0.3857
2025-04-05 13:15:00,82783.2,Short,0.5061
2025-04-06 17:30:00,81074.1,Short,0.9504
2025-04-06 18:00:00,80261.2,Short,1.9053
2025-04-06 18:30:00,79117.6,Short,0.1612
2025-04-07 06:15:00,75786.0,Short,2.5536
2025-04-08 01:30:00,80377.5,Long,0.5801
2025-04-09 01:00:00,75274.9,Short,2.0415
2025-04-09 01:15:00,74660.2,Short,-2.0
2025-04-09 11:00:00,76534.0,Short,0.0167
2025-04-09 17:15:00,80804.9,Long,0.4081
2025-04-11 01:45:00,80405.9,Long,-0.4225
2025-04-11 13:30:00,82873.9,Long,0.0109
2025-04-13 13:30:00,83724.8,Short,0.4413
2025-04-13 19:30:00,83490.1,Short,-1.3768
2025-04-16 17:30:00,84299.9,Short,3.1507
2025-04-16 17:45:00,83237.5,Short,-2.0
2025-04-17 11:30:00,84633.3,Long,-0.2998
2025-04-20 20:15:00,85086.9,Long,0.1178
2025-04-21 00:15:00,86182.6,Long,1.339
2025-04-21 00:30:00,86644.2,Long,-0.1275
2025-04-22 21:45:00,92974.3,Long,-0.3829
2025-04-25 11:45:00,94602.3,Long,0.4278
2025-04-25 14:00:00,95273.9,Long,-1.6403
2025-04-26 22:00:00,94530.1,Long,0.1505
2025-04-27 22:00:00,93878.8,Short,0.2996
2025-04-28 10:30:00,95150.0,Long,-0.3311
2025-04-29 11:00:00,95155.7,Long,0.082
2025-04-30 12:30:00,94451.7,Short,-0.1255
2025-04-30 13:30:00,93843.8,Short,2.3062
2025-04-30 13:45:00,92978.1,Short,-1.0685
2025-05-01 10:15:00,96281.9,Long,-0.491
2025-05-01 15:00:00,97326.4,Long,-0.6658
2025-05-03 23:15:00,95885.2,Short,0.0365
2025-05-04 22:00:00,95145.8,Short,-0.0578
2025-05-04 22:30:00,94830.1,Short,-0.3448
2025-05-06 22:00:00,95118.4,Long,1.3078
2025-05-06 22:15:00,95616.0,Long,1.004
2025-05-06 22:30:00,96000.0,Long,0.537
2025-05-08 00:45:00,97725.1,Long,0.2151
2025-05-08 02:15:00,98561.6,Long,0.1651
2025-05-08 15:30:00,101230.3,Long,-1.2336
2025-05-08 20:30:00,102082.9,Long,1.2098
2025-05-08 21:15:00,103307.5,Long,-0.7945
2025-05-09 07:15:00,103756.9,Long,0.2626
2025-05-10 23:15:00,104772.2,Long,-1.0072
2025-05-17 01:00:00,102877.8,Short,-0.1689
2025-05-17 09:15:00,102820.0,Short,-0.0807
2025-05-18 07:45:00,103893.0,Long,-0.0688
2025-05-18 13:30:00,104419.0,Long,0.6924
2025-05-18 13:45:00,104708.2,Long,-0.4546
2025-05-18 14:30:00,105176.0,Long,0.1355
2025-05-18 22:15:00,105000.3,Long,0.44
2025-05-20 13:30:00,104188.6,Short,-0.4965
2025-05-20 17:00:00,106051.1,Long,0.0684
2025-05-21 13:30:00,107088.3,Long,0.2801
2025-05-21 14:45:00,108963.1,Long,-0.41
2025-05-23 12:00:00,108100.0,Short,-0.6556
2025-05-24 07:45:00,107550.6,Short,-0.6032
2025-05-25 22:00:00,108316.8,Long,-0.0778
2025-05-28 13:45:00,108011.5,Short,0.4402
2025-05-29 13:30:00,107539.2,Short,-0.0695
2025-05-30 00:45:00,104900.3,Short,-1.3575
2025-05-30 07:30:00,105024.1,Short,0.0633
2025-05-30 22:30:00,103942.2,Short,0.0532
2025-06-02 20:00:00,104857.1,Long,-0.1981
2025-06-02 22:15:00,105719.1,Long,-0.5805
2025-06-04 09:30:00,105619.9,Long,0.387
2025-06-04 09:45:00,105783.4,Long,0.281
2025-06-05 13:45:00,104475.3,Short,0.6018
2025-06-07 06:45:00,105272.2,Long,-0.8965
2025-06-08 10:30:00,105383.6,Long,-0.2021
2025-06-09 09:30:00,106571.5,Long,-0.0223
2025-06-09 10:00:00,107140.4,Long,-0.2205
2025-06-09 21:00:00,109175.4,Long,3.1021
2025-06-09 21:15:00,110530.1,Long,-1.5032
2025-06-10 19:15:00,109991.8,Long,-0.1136
2025-06-13 00:00:00,104270.1,Short,1.4436
2025-06-13 00:15:00,103668.0,Short,-0.4394
2025-06-14 01:00:00,105399.8,Short,-0.1857
2025-06-15 05:30:00,105781.9,Long,0.5887
2025-06-15 05:45:00,106031.0,Long,-0.646
2025-06-16 01:30:00,105559.9,Long,0.4656
2025-06-16 13:45:00,107109.0,Long,-0.4603
2025-06-18 18:45:00,103564.0,Short,-1.6765
2025-06-19 01:00:00,104492.6,Short,-0.5881
2025-06-19 13:45:00,104239.9,Short,-0.4339
2025-06-19 17:30:00,104672.6,Long,-0.4526
2025-06-20 07:15:00,105123.0,Long,0.6997
2025-06-20 07:30:00,105417.2,Long,0.8213
2025-06-20 07:45:00,105763.5,Long,1.023
2025-06-20 08:00:00,106196.3,Long,0.3821
2025-06-20 14:45:00,103872.7,Short,-0.8746
2025-06-21 13:45:00,103528.4,Short,0.0502
2025-06-21 18:45:00,102620.8,Short,0.1167
2025-06-21 21:15:00,101771.5,Short,0.0022
2025-06-22 14:15:00,99495.4,Short,0.9603
2025-06-23 13:30:00,101948.7,Long,0.8764
2025-06-23 13:45:00,102306.1,Long,-0.2651
2025-06-23 22:00:00,105270.0,Long,1.6327
2025-06-23 22:15:00,105957.5,Long,-2.0
2025-06-25 10:15:00,107066.8,Long,-0.2732
2025-06-25 13:15:00,107820.1,Long,-0.0278
2025-06-26 14:30:00,107592.9,Long,-0.4642
2025-06-29 00:15:00,107379.6,Long,-0.0515
2025-06-29 07:45:00,107367.2,Long,0.0843
2025-06-29 08:30:00,107649.9,Long,0.0188
2025-06-29 10:00:00,108113.6,Long,-0.0368
2025-06-30 06:45:00,107504.5,Short,-0.0121
2025-07-02 08:15:00,107596.4,Long,0.0376
2025-07-02 13:00:00,107616.2,Long,-0.2648
2025-07-02 16:00:00,109381.8,Long,-0.5328
2025-07-03 09:15:00,109940.3,Long,0.6294
2025-07-03 09:30:00,110217.1,Long,-0.7313
2025-07-03 13:30:00,110035.0,Long,0.421
2025-07-04 13:45:00,107918.7,Short,0.5319
2025-07-04 14:00:00,107689.1,Short,-0.6895
2025-07-06 13:15:00,108418.4,Long,0.5133
2025-07-06 13:30:00,108641.0,Long,0.1661
2025-07-06 20:00:00,108739.6,Long,-0.209
2025-07-07 02:00:00,109407.1,Long,-0.0162
2025-07-08 10:30:00,108830.1,Long,-0.1153
2025-07-09 12:15:00,109453.1,Long,-0.0658
2025-07-09 13:00:00,109664.0,Long,-0.2888
2025-07-09 19:15:00,110315.5,Long,2.3551
2025-07-09 19:30:00,111354.7,Long,0.8174
2025-07-09 19:45:00,111718.8,Long,-0.9432
2025-07-10 16:15:00,112345.3,Long,0.5354
2025-07-10 17:00:00,113396.2,Long,0.0198
2025-07-10 21:15:00,115690.1,Long,1.2596
2025-07-11 05:30:00,117926.7,Long,-0.2266
2025-07-13 14:15:00,119120.1,Long,-0.8817
2025-07-14 02:15:00,119795.1,Long,-0.145
2025-07-14 03:30:00,121149.9,Long,-0.8599
2025-07-15 01:45:00,118491.3,Short,0.4524
2025-07-16 08:30:00,118779.8,Long,-0.1728
2025-07-18 13:00:00,118859.0,Short,0.1432
2025-07-20 22:00:00,116875.1,Short,-0.7591
2025-07-21 06:15:00,118831.2,Long,0.2691
2025-07-24 03:45:00,118451.5,Short,-0.1819
2025-07-24 04:30:00,117845.4,Short,-0.1277
2025-07-25 02:30:00,116590.0,Short,0.6218
2025-07-26 08:15:00,117471.1,Long,-0.0232
2025-07-26 10:15:00,117744.2,Long,0.9217
2025-07-26 10:30:00,118178.3,Long,-0.4739
2025-07-27 16:15:00,119365.9,Long,-0.1089
2025-07-30 14:45:00,118678.5,Long,-0.759
2025-07-30 18:45:00,116477.0,Short,0.5411
2025-07-31 00:30:00,118299.1,Long,0.1467
2025-08-02 06:15:00,113509.1,Short,0.0033
2025-08-02 17:45:00,112689.4,Short,0.5489
2025-08-03 11:00:00,114175.9,Long,-0.4872
2025-08-04 14:00:00,115194.1,Long,0.3963
2025-08-05 12:30:00,113828.6,Short,-0.1502
2025-08-05 14:15:00,113211.7,Short,1.0569
2025-08-07 01:15:00,115100.1,Long,-0.2991
2025-08-07 10:00:00,115452.4,Long,0.8066
2025-08-07 10:15:00,115824.9,Long,1.1269
2025-08-07 10:30:00,116347.0,Long,-0.1195
2025-08-09 05:15:00,116930.4,Long,-0.1527
2025-08-09 08:30:00,117132.1,Long,-0.1336
2025-08-09 09:00:00,117373.5,Long,-0.2577
2025-08-09 20:30:00,116881.8,Long,-0.3185
2025-08-09 21:15:00,116365.3,Short,-0.0533
2025-08-10 02:30:00,117000.0,Long,0.5848
2025-08-10 02:45:00,117273.7,Long,1.2823
2025-08-10 03:00:00,117875.2,Long,0.9845
2025-08-10 03:15:00,118339.4,Long,-0.3236
2025-08-11 01:30:00,119736.2,Long,0.6554
2025-08-11 01:45:00,120050.1,Long,2.5298
2025-08-11 02:00:00,121264.9,Long,0.4072
2025-08-11 02:15:00,121462.4,Long,0.489
2025-08-13 13:45:00,121777.3,Long,0.5804
2025-08-13 14:00:00,122060.0,Long,-0.7515
2025-08-14 12:30:00,119478.5,Short,1.3733
2025-08-15 13:30:00,117964.6,Short,0.5143
2025-08-17 04:45:00,118023.5,Long,0.223
2025-08-17 08:45:00,118323.7,Long,-0.1682
2025-08-17 23:15:00,117505.8,Short,-0.0251
2025-08-18 01:15:00,116597.9,Short,0.4992
2025-08-18 01:30:00,116365.1,Short,0.3246
2025-08-18 13:45:00,114790.8,Short,-0.818
2025-08-19 13:30:00,115063.7,Short,-0.1903
2025-08-19 14:15:00,114083.3,Short,0.4464
2025-08-22 14:00:00,115127.9,Long,0.0176
2025-08-22 14:15:00,115136.0,Long,1.2572
2025-08-24 02:45:00,114969.9,Short,-0.1455
2025-08-25 00:30:00,112220.6,Short,-0.8425
2025-08-25 13:30:00,110785.6,Short,-1.4988
2025-08-25 20:00:00,110000.8,Short,-1.0514
2025-08-26 23:00:00,112270.0,Long,-0.8549
2025-08-27 14:15:00,112141.2,Long,-0.6189
2025-08-28 04:30:00,112737.6,Long,0.4293
2025-08-29 01:15:00,111494.0,Short,-0.2285
2025-08-29 07:00:00,110479.9,Short,0.8594
2025-08-29 07:15:00,110100.1,Short,0.1683
2025-08-29 13:30:00,109669.3,Short,1.3972
2025-08-29 13:45:00,109056.4,Short,0.7998
2025-08-30 01:45:00,107404.9,Short,-0.7716
2025-08-31 00:45:00,109339.9,Long,-0.5595
2025-09-01 07:30:00,108769.2,Long,1.4276
2025-09-01 07:45:00,109390.3,Long,0.1904
2025-09-02 02:45:00,110210.1,Long,0.2699
2025-09-02 12:30:00,108708.1,Short,-0.0954
2025-09-02 13:30:00,110432.6,Long,1.5412
2025-09-02 13:45:00,111113.4,Long,-0.3071
2025-09-03 14:30:00,112442.2,Long,-0.52
2025-09-04 22:45:00,111454.9,Long,-0.1884
2025-09-05 07:00:00,112299.9,Long,0.8005
2025-09-05 07:15:00,112659.5,Long,0.1498
2025-09-05 14:15:00,110958.9,Short,0.2199
2025-09-06 02:45:00,111170.1,Long,-0.2501
2025-09-06 09:00:00,110678.6,Short,0.0427
2025-09-06 15:45:00,110324.1,Short,0.1378
2025-09-07 08:15:00,111199.9,Long,-0.1122
2025-09-09 06:00:00,112650.1,Long,-0.1711
2025-09-09 14:30:00,111525.6,Short,-0.4122
2025-09-10 12:30:00,113224.0,Long,0.3621
2025-09-10 13:00:00,113690.1,Long,-0.1229
2025-09-11 12:00:00,114217.7,Long,0.2762
2025-09-14 08:30:00,115925.3,Long,-0.0817
2025-09-14 13:15:00,115481.1,Short,0.4849
2025-09-14 13:30:00,115257.1,Short,-0.0486
2025-09-14 23:00:00,115542.4,Short,0.4713
2025-09-14 23:15:00,115324.6,Short,0.2812
2025-09-15 04:15:00,115914.4,Long,0.2422
2025-09-15 08:45:00,114697.0,Short,-0.2446
2025-09-16 13:30:00,115037.7,Short,-0.254
2025-09-16 15:45:00,115877.9,Long,-0.3469
2025-09-17 14:15:00,115610.3,Short,0.1468
2025-09-18 03:00:00,117397.9,Long,0.6708
2025-09-18 23:00:00,116715.4,Short,-0.1084
2025-09-19 09:45:00,116437.7,Short,-0.1041
2025-09-19 15:00:00,115475.9,Short,-0.5815
2025-09-22 00:30:00,114794.9,Short,0.9996
2025-09-22 00:45:00,114335.9,Short,-0.4889
2025-09-22 05:45:00,113635.6,Short,1.5369
2025-09-22 06:00:00,112937.0,Short,0.4095
2025-09-22 19:30:00,111938.4,Short,-0.3004
2025-09-24 14:45:00,113662.7,Long,-0.5116
2025-09-25 01:30:00,112644.2,Short,0.0633
2025-09-28 20:30:00,110877.8,Long,-0.2927
2025-09-28 22:00:00,111411.8,Long,0.6077
2025-09-28 22:15:00,111682.6,Long,0.3745
2025-09-29 13:30:00,113240.4,Long,-0.1594
2025-10-01 14:00:00,117131.6,Long,-0.0995
2025-10-01 23:15:00,118312.1,Long,-0.1025
2025-10-02 00:00:00,119119.5,Long,-0.464
2025-10-03 08:30:00,119828.8,Long,0.3718
2025-10-04 13:00:00,122341.3,Long,-0.1659
2025-10-05 02:30:00,123643.1,Long,0.7463
2025-10-05 04:45:00,125167.5,Long,0.0194
2025-10-06 18:45:00,125986.0,Long,-0.7662
2025-10-07 06:15:00,123837.9,Short,0.0573
2025-10-07 12:45:00,124869.5,Long,-0.3772
2025-10-07 13:30:00,123734.1,Short,-0.1845
2025-10-07 14:00:00,122795.5,Short,-0.101
2025-10-08 13:30:00,121845.0,Short,-1.4268
2025-10-09 08:15:00,121136.0,Short,-0.2881
2025-10-10 14:45:00,120436.4,Short,0.1272
2025-10-10 15:15:00,119188.0,Short,-0.6966
2025-10-10 20:45:00,114198.0,Short,4.5106
2025-10-10 21:00:00,112137.6,Short,6.0
2025-10-10 21:15:00,109183.0,Short,-2.0
2025-10-14 19:30:00,112063.8,Short,-1.071
2025-10-17 06:15:00,107768.3,Short,1.8749
2025-10-17 06:30:00,106960.1,Short,0.61
2025-10-19 09:30:00,106923.6,Long,0.9942
2025-10-19 09:45:00,107348.8,Long,0.0647
2025-10-19 16:30:00,108844.4,Long,-0.6489
2025-10-20 03:45:00,110100.4,Long,0.5549
2025-10-21 04:00:00,108247.1,Short,0.1506
2025-10-21 14:00:00,109696.2,Long,-0.1769
2025-10-21 14:45:00,112127.5,Long,0.4412
2025-10-23 06:15:00,109823.6,Long,0.3285
2025-10-26 09:15:00,112630.8,Long,-0.7835
2025-10-26 11:30:00,113273.5,Long,-0.0845
2025-10-28 13:00:00,114707.0,Long,0.6636
2025-10-28 13:15:00,115011.5,Long,0.1489
2025-10-28 13:45:00,115469.9,Long,0.5826
2025-10-29 18:30:00,109689.1,Short,-2.0
2025-10-30 04:00:00,109954.3,Short,3.6956
2025-10-30 04:15:00,108328.9,Short,-1.3544
2025-10-30 12:15:00,108720.6,Short,0.6427
2025-10-30 13:30:00,107435.6,Short,-0.3411
2025-11-02 22:30:00,109596.1,Short,-0.604
2025-11-02 23:00:00,110415.3,Long,-0.6387
2025-11-06 13:15:00,103447.8,Long,-0.4751
2025-11-07 11:00:00,100044.1,Short,0.3976
2025-11-09 00:15:00,101735.1,Short,-0.5794
2025-11-09 14:15:00,103850.0,Long,-1.2689
2025-11-09 18:45:00,104479.8,Long,-0.6688
2025-11-12 09:00:00,104753.6,Long,-0.0921
2025-11-12 14:45:00,103948.5,Short,0.634
2025-11-12 15:45:00,102124.9,Short,1.5936
2025-11-13 09:00:00,102780.3,Short,-0.1776
2025-11-16 11:15:00,95563.6,Short,0.0662
2025-11-16 15:45:00,94531.3,Short,0.4202
2025-11-17 13:30:00,93817.9,Short,-0.2547
2025-11-20 04:45:00,92936.7,Long,-0.2429
2025-11-20 14:00:00,90666.6,Short,-2.0
2025-11-20 16:00:00,88681.2,Short,0.033
2025-11-21 07:30:00,84321.2,Short,0.9324
2025-11-24 02:00:00,87871.0,Long,-0.5628
2025-11-25 13:30:00,86984.9,Short,-0.1233
2025-11-26 12:00:00,86530.6,Short,0.1742
2025-11-26 17:30:00,89473.2,Long,0.8922
2025-11-28 08:45:00,91649.9,Long,-0.063
2025-11-30 13:15:00,91808.9,Long,-0.433
2025-12-01 00:00:00,88887.7,Short,1.5452
2025-12-01 00:15:00,88338.3,Short,1.7713
2025-12-01 00:30:00,87712.4,Short,2.114
2025-12-01 00:45:00,86970.7,Short,-1.155
2025-12-01 12:30:00,85457.9,Short,0.1805
2025-12-01 15:30:00,83920.5,Short,-2.0
2025-12-02 14:00:00,88297.7,Long,0.9397
2025-12-02 15:00:00,90612.0,Long,-1.3034
2025-12-04 14:45:00,91859.4,Short,-2.0
2025-12-05 16:00:00,89329.6,Short,0.8653
2025-12-07 14:15:00,87881.3,Short,-0.9089
2025-12-07 22:00:00,89328.0,Short,-0.8959
2025-12-11 14:45:00,89514.5,Short,-1.5637
2025-12-13 14:15:00,89921.9,Short,-0.5975
2025-12-14 11:30:00,88829.8,Short,-1.3464
2025-12-15 14:45:00,88004.3,Short,1.6087
2025-12-15 15:00:00,87438.0,Short,1.7341
2025-12-15 15:15:00,86831.5,Short,-0.9766
2025-12-16 13:45:00,86410.4,Short,-1.194
2025-12-17 14:45:00,89633.9,Long,1.4484
2025-12-17 15:00:00,90153.2,Long,-0.7365
2025-12-18 13:00:00,87862.2,Long,-0.7529
2025-12-18 13:30:00,88727.5,Long,0.2155
2025-12-18 17:00:00,86349.7,Short,1.4131
2025-12-19 03:15:00,87112.8,Long,-0.2715
2025-12-19 07:00:00,88110.5,Long,-0.6066
2025-12-21 08:30:00,88579.0,Long,-0.1976
2025-12-22 08:15:00,89786.6,Long,-0.2219
2025-12-24 14:30:00,86950.1,Short,0.0003
2025-12-25 15:30:00,88475.9,Long,-0.3871
2025-12-25 23:30:00,87015.0,Short,-0.4821
2025-12-26 02:00:00,88171.7,Long,2.3485
2025-12-26 02:15:00,89000.0,Long,0.5334
2025-12-27 22:30:00,87536.6,Short,0.0294
2025-12-28 22:45:00,87868.7,Long,-0.5892
2025-12-29 02:00:00,89240.1,Long,-0.3294
2025-12-29 12:00:00,86926.4,Short,-0.8901
2025-12-29 14:30:00,88049.9,Long,-1.8455
2026-01-02 03:00:00,88926.7,Long,-0.2345
2026-01-02 10:00:00,89805.3,Long,-0.687
2026-01-02 14:30:00,89356.4,Long,0.5036
2026-01-02 14:45:00,89536.4,Long,-1.1356
2026-01-03 12:45:00,90001.8,Long,-0.3214
2026-01-04 00:00:00,91372.7,Long,-0.8556
2026-01-05 00:00:00,91866.3,Long,-0.1167
2026-01-05 00:45:00,92368.1,Long,1.461
2026-01-05 01:00:00,92907.9,Long,0.0595
2026-01-05 14:30:00,93250.5,Long,0.374
2026-01-05 14:45:00,93390.0,Long,0.0013
2026-01-06 14:00:00,94063.6,Long,0.5961
2026-01-06 14:15:00,94287.9,Long,-0.6196
2026-01-06 21:15:00,93488.6,Long,0.2498
2026-01-07 14:00:00,91659.8,Short,0.3887
2026-01-09 08:30:00,90284.7,Short,0.8177
2026-01-09 08:45:00,89989.4,Short,-0.3581
2026-01-10 17:45:00,90512.3,Short,0.0423
2026-01-10 22:00:00,90373.5,Short,-0.2277
2026-01-10 22:45:00,90384.9,Short,-0.2387
2026-01-11 06:15:00,90627.6,Short,0.0074
2026-01-12 08:30:00,90519.6,Short,-0.5369
2026-01-13 22:00:00,95576.0,Long,-0.7698
2026-01-14 14:45:00,96449.0,Long,1.169
2026-01-16 15:15:00,94673.2,Short,0.4854
2026-01-17 22:00:00,95140.8,Short,0.0226
2026-01-18 23:15:00,94561.1,Short,0.3492
2026-01-18 23:30:00,94429.0,Short,2.1577
2026-01-18 23:45:00,93614.0,Short,3.2444
2026-01-19 00:00:00,92399.1,Short,-0.4965
2026-01-20 05:00:00,91377.1,Short,-0.876
2026-01-21 11:45:00,88757.1,Short,1.1467
2026-01-21 12:00:00,88350.0,Short,0.0931
2026-01-21 16:30:00,88119.7,Short,1.5814
2026-01-23 14:15:00,89638.2,Long,-1.986
2026-01-23 14:30:00,88926.1,Short,-0.1403
2026-01-25 06:00:00,88679.6,Short,-0.2241
2026-01-25 08:30:00,88280.3,Short,0.0722
2026-01-25 19:15:00,86427.3,Short,-0.6939
2026-01-27 14:00:00,88259.0,Long,-0.1249
2026-01-27 14:30:00,87637.2,Short,-0.2137
2026-01-29 02:30:00,88109.6,Short,0.7142
2026-01-29 08:00:00,87910.9,Short,-1.4276
2026-01-29 15:30:00,84589.7,Short,-0.9112
2026-01-30 01:30:00,81988.5,Short,-1.3606
2026-01-31 06:15:00,83627.2,Short,-0.3148
2026-01-31 08:30:00,82754.4,Short,-0.8359
2026-01-31 14:15:00,81568.6,Short,1.853
2026-01-31 14:30:00,80964.0,Short,-1.5084
2026-01-31 17:00:00,78817.1,Short,-0.8393
2026-02-01 15:15:00,76961.7,Short,-0.5769
2026-02-03 02:45:00,77774.8,Short,-0.6847
2026-02-03 14:45:00,77164.5,Short,0.0703
2026-02-04 13:30:00,75331.5,Short,1.6364
2026-02-04 13:45:00,74838.4,Short,-1.5884
2026-02-04 14:45:00,74328.9,Short,-1.6568
2026-02-05 15:00:00,67963.4,Short,4.2641
2026-02-05 15:15:00,66804.2,Short,-2.0
2026-02-06 00:00:00,60199.1,Short,-2.0
2026-02-07 07:00:00,67898.7,Short,-0.2894
2026-02-07 12:00:00,68811.3,Long,1.713
2026-02-07 12:15:00,69282.8,Long,-0.5766
2026-02-10 14:30:00,68197.0,Short,-0.8406
2026-02-11 04:15:00,67534.8,Short,0.2495
2026-02-11 14:30:00,67199.5,Short,2.3795
2026-02-13 15:00:00,68341.8,Long,1.9106
2026-02-14 07:30:00,69152.4,Long,0.1077
2026-02-14 08:00:00,69524.8,Long,-0.2309
2026-02-14 11:00:00,70057.7,Long,0.3643
2026-02-15 03:45:00,69926.0,Long,1.7165
2026-02-15 04:00:00,70406.1,Long,-0.8352
2026-02-15 12:45:00,69284.9,Short,-0.6773
2026-02-15 23:00:00,68455.7,Short,-0.5737
2026-02-16 12:15:00,69467.4,Long,-0.2231
2026-02-18 11:00:00,67355.3,Short,-0.229
2026-02-18 15:30:00,68090.6,Long,-1.5406
2026-02-18 16:00:00,67037.7,Short,-0.7175
2026-02-20 05:30:00,67876.1,Long,-0.4424
2026-02-21 09:15:00,68198.3,Long,-0.1371
2026-02-21 12:45:00,68175.9,Long,-0.2134
2026-02-23 01:00:00,65444.4,Short,1.672
2026-02-23 01:15:00,65006.7,Short,-0.2934
2026-02-23 01:45:00,64387.2,Short,-1.3011
2026-02-25 01:00:00,65571.8,Long,1.3314
2026-02-25 01:15:00,65921.0,Long,-0.5275
2026-02-25 12:15:00,65740.9,Long,0.2107
2026-02-28 06:15:00,64527.8,Short,2.0305
2026-02-28 06:30:00,64003.7,Short,3.2416
2026-02-28 06:45:00,63173.8,Short,-2.0
2026-03-01 01:45:00,67311.6,Long,2.0524
2026-03-01 13:45:00,66907.1,Long,0.4734
2026-03-02 14:30:00,66580.6,Long,2.058
2026-03-02 14:45:00,67128.7,Long,4.732
2026-03-02 15:00:00,68399.3,Long,0.4605
2026-03-03 12:00:00,67708.6,Long,-0.5985
2026-03-04 07:45:00,69464.5,Long,-0.2544
2026-03-04 08:45:00,70993.7,Long,0.2134
2026-03-06 13:45:00,69189.6,Short,1.45
2026-03-06 14:00:00,68788.3,Short,-0.5673
2026-03-07 19:15:00,67187.3,Short,-0.0141
2026-03-08 02:45:00,66894.8,Short,-0.1786
2026-03-08 21:00:00,66733.5,Short,-0.6369
2026-03-09 03:00:00,67422.4,Long,-0.8732
2026-03-09 13:30:00,69201.0,Long,-0.9433
2026-03-09 19:15:00,69320.5,Long,-1.4339
2026-03-10 00:15:00,68943.4,Long,0.7492
2026-03-10 02:30:00,70290.2,Long,-0.1714
2026-03-10 14:30:00,70410.0,Long,3.6419
2026-03-10 14:45:00,71435.7,Long,-0.9726
2026-03-12 09:30:00,70239.3,Long,-1.1546
2026-03-13 00:00:00,71085.1,Long,1.2802
2026-03-13 00:15:00,71449.1,Long,0.0955
2026-03-15 02:00:00,71267.9,Long,-0.1249
2026-03-15 17:45:00,71788.0,Long,-0.3524
2026-03-16 03:30:00,73747.1,Long,-0.7038
2026-03-19 07:00:00,69940.4,Short,0.6098
