timestamp,net_profit,win_rate,total_trades,max_drawdown,profit_factor
2026-03-11 12:05:17,{{strategy.netprofit}},{{strategy.winrate}},{{strategy.totaltrades}},{{strategy.maxdrawdown}},{{strategy.profitfactor}}
2026-03-11 12:15:07,{{strategy.netprofit}},{{strategy.winrate}},{{strategy.totaltrades}},{{strategy.maxdrawdown}},{{strategy.profitfactor}}
2026-03-11 13:17:31,{{strategy.netprofit}},{{strategy.winrate}},{{strategy.totaltrades}},{{strategy.maxdrawdown}},{{strategy.profitfactor}}
2026-03-11 13:17:37,{{strategy.netprofit}},{{strategy.winrate}},{{strategy.totaltrades}},{{strategy.maxdrawdown}},{{strategy.profitfactor}}
2026-03-11 13:17:42,{{strategy.netprofit}},{{strategy.winrate}},{{strategy.totaltrades}},{{strategy.maxdrawdown}},{{strategy.profitfactor}}
2026-03-11 13:17:48,{{strategy.netprofit}},{{strategy.winrate}},{{strategy.totaltrades}},{{strategy.maxdrawdown}},{{strategy.profitfactor}}
2026-03-11 15:00:38,{{strategy.netprofit}},{{strategy.winrate}},{{strategy.totaltrades}},{{strategy.maxdrawdown}},{{strategy.profitfactor}}
2026-03-11 15:00:43,{{strategy.netprofit}},{{strategy.winrate}},{{strategy.totaltrades}},{{strategy.maxdrawdown}},{{strategy.profitfactor}}
2026-03-11 15:00:49,{{strategy.netprofit}},{{strategy.winrate}},{{strategy.totaltrades}},{{strategy.maxdrawdown}},{{strategy.profitfactor}}
2026-03-11 15:00:54,{{strategy.netprofit}},{{strategy.winrate}},{{strategy.totaltrades}},{{strategy.maxdrawdown}},{{strategy.profitfactor}}
