ts,run_id,session_id,price_age_s,heatmap_age_s,oi_age_s,funding_age_s,lsr_age_s,ws_connected,ws_reconnect_count,coinglass_ok,positions_open,risk_used_pct,daily_cap_hit,equity_usd,pnl_realized_usd,kill_switch_active,kill_switch_reason
2026-01-06T05:28:58.249670+00:00,2643b0cc-9548-4dd8-829e-35693aa87414,r_1767677286,0,None,None,None,None,False,0,True,0,0.0,False,0.0,0.0,False,None
2026-01-06T05:29:51.449281+00:00,2643b0cc-9548-4dd8-829e-35693aa87414,e30ad766-3640-47f7-8c8c-d5e97e6eccda,59.060912,53.200115,None,None,None,True,0,True,0,0.0,False,1000.0,0.0,False,None
2026-01-06T05:30:51.451487+00:00,2643b0cc-9548-4dd8-829e-35693aa87414,e30ad766-3640-47f7-8c8c-d5e97e6eccda,0.288084,47.929783,None,None,None,True,0,True,0,0.0,False,1000.0,0.0,False,None
2026-01-06T05:31:17.033934+00:00,2643b0cc-9548-4dd8-829e-35693aa87414,r_1767677286,0,None,None,None,None,False,0,True,0,0.0,False,0.0,0.0,False,None
2026-01-06T05:31:51.452052+00:00,2643b0cc-9548-4dd8-829e-35693aa87414,e30ad766-3640-47f7-8c8c-d5e97e6eccda,0.056636,39.842974,None,None,None,True,0,True,1,0.0,False,999.94000644196,0.0,False,None
2026-01-06T05:32:51.452657+00:00,2643b0cc-9548-4dd8-829e-35693aa87414,e30ad766-3640-47f7-8c8c-d5e97e6eccda,0.364508,37.887421,None,None,None,True,0,True,2,0.0002800000000017463,False,999.8444040795199,0.0,False,None
2026-01-06T05:34:40.231312+00:00,36a44d4a-60ba-4cee-b275-2df1c8c41488,r_1767677614,0,None,None,None,None,False,0,True,0,0.0,False,0.0,0.0,False,None
2026-01-06T05:35:33.080427+00:00,36a44d4a-60ba-4cee-b275-2df1c8c41488,4a95c76e-d5ba-4ded-9807-988ac9bac7d5,59.289628,52.849819,None,None,None,True,0,True,0,0.0,False,1000.0,0.0,False,None
2026-01-06T05:36:33.080981+00:00,36a44d4a-60ba-4cee-b275-2df1c8c41488,4a95c76e-d5ba-4ded-9807-988ac9bac7d5,0.019696,48.290203,None,None,None,True,0,True,0,0.0,False,1000.0,0.0,False,None
2026-01-06T05:37:33.081542+00:00,36a44d4a-60ba-4cee-b275-2df1c8c41488,4a95c76e-d5ba-4ded-9807-988ac9bac7d5,0.238232,44.311041,None,None,None,True,0,True,0,0.0,False,1000.0,0.0,False,None
2026-01-06T05:38:23.898924+00:00,36a44d4a-60ba-4cee-b275-2df1c8c41488,r_1767677614,0,None,None,None,None,False,0,True,0,0.0,False,0.0,0.0,False,None
2026-01-06T05:38:33.082130+00:00,36a44d4a-60ba-4cee-b275-2df1c8c41488,4a95c76e-d5ba-4ded-9807-988ac9bac7d5,0.500186,42.64423,None,None,None,True,0,True,0,0.0,False,1000.0,0.0,False,None
2026-01-06T05:39:33.082636+00:00,36a44d4a-60ba-4cee-b275-2df1c8c41488,4a95c76e-d5ba-4ded-9807-988ac9bac7d5,0.390275,38.764699,None,None,None,True,0,True,0,0.0,False,1000.0,0.0,False,None
2026-01-06T05:40:33.083447+00:00,36a44d4a-60ba-4cee-b275-2df1c8c41488,4a95c76e-d5ba-4ded-9807-988ac9bac7d5,0.065729,34.011183,None,None,None,True,0,True,0,0.0,False,1000.0,0.0,False,None
2026-01-06T05:41:19.400854+00:00,36a44d4a-60ba-4cee-b275-2df1c8c41488,r_1767677614,0,None,None,None,None,False,0,True,0,0.0,False,0.0,0.0,False,None
2026-01-06T05:41:33.083951+00:00,36a44d4a-60ba-4cee-b275-2df1c8c41488,4a95c76e-d5ba-4ded-9807-988ac9bac7d5,0.292496,31.963441,None,None,None,True,0,True,0,0.0,False,1000.0,0.0,False,None
2026-01-06T05:42:33.084445+00:00,36a44d4a-60ba-4cee-b275-2df1c8c41488,4a95c76e-d5ba-4ded-9807-988ac9bac7d5,0.686758,24.918336,None,None,None,True,0,True,0,0.0,False,1000.0,0.0,False,None
2026-01-06T05:43:33.084978+00:00,36a44d4a-60ba-4cee-b275-2df1c8c41488,4a95c76e-d5ba-4ded-9807-988ac9bac7d5,0.225897,18.159673,None,None,None,True,0,True,0,0.0,False,1000.0,0.0,False,None
2026-01-06T05:43:57.689507+00:00,36a44d4a-60ba-4cee-b275-2df1c8c41488,r_1767677614,0,None,None,None,None,False,0,True,0,0.0,False,0.0,0.0,False,None
2026-01-06T05:44:33.085533+00:00,36a44d4a-60ba-4cee-b275-2df1c8c41488,4a95c76e-d5ba-4ded-9807-988ac9bac7d5,0.260524,19.458306,None,None,None,True,0,True,0,0.0,False,1000.0,0.0,False,None
2026-01-06T05:45:33.087404+00:00,36a44d4a-60ba-4cee-b275-2df1c8c41488,4a95c76e-d5ba-4ded-9807-988ac9bac7d5,0.091767,13.882958,None,None,None,True,0,True,0,0.0,False,1000.0,0.0,False,None
2026-01-06T05:46:02.345138+00:00,36a44d4a-60ba-4cee-b275-2df1c8c41488,r_1767677614,0,None,None,None,None,False,0,True,0,0.0,False,0.0,0.0,False,None
2026-01-06T05:46:33.090950+00:00,36a44d4a-60ba-4cee-b275-2df1c8c41488,4a95c76e-d5ba-4ded-9807-988ac9bac7d5,0.095309,7.101849,None,None,None,True,0,True,0,0.0,False,1000.0,0.0,False,None
2026-01-06T05:47:33.091484+00:00,36a44d4a-60ba-4cee-b275-2df1c8c41488,4a95c76e-d5ba-4ded-9807-988ac9bac7d5,0.372411,67.102347,None,None,None,True,0,True,0,0.0,False,1000.0,0.0,False,None
2026-01-06T05:48:04.432396+00:00,36a44d4a-60ba-4cee-b275-2df1c8c41488,r_1767677614,0,None,None,None,None,False,0,True,0,0.0,False,0.0,0.0,False,None
2026-01-06T05:48:33.092046+00:00,36a44d4a-60ba-4cee-b275-2df1c8c41488,4a95c76e-d5ba-4ded-9807-988ac9bac7d5,0.621733,59.664165,None,None,None,True,0,True,0,0.0,False,1000.0,0.0,False,None
2026-01-06T05:49:33.092585+00:00,36a44d4a-60ba-4cee-b275-2df1c8c41488,4a95c76e-d5ba-4ded-9807-988ac9bac7d5,0.642088,56.735005,None,None,None,True,0,True,0,0.0,False,1000.0,0.0,False,None
2026-01-06T05:50:26.616948+00:00,36a44d4a-60ba-4cee-b275-2df1c8c41488,r_1767677614,0,None,None,None,None,False,0,True,0,0.0,False,0.0,0.0,False,None
2026-01-06T05:50:33.093151+00:00,36a44d4a-60ba-4cee-b275-2df1c8c41488,4a95c76e-d5ba-4ded-9807-988ac9bac7d5,0.241179,56.908393,None,None,None,True,0,True,0,0.0,False,1000.0,0.0,False,None
2026-01-06T05:51:33.093676+00:00,36a44d4a-60ba-4cee-b275-2df1c8c41488,4a95c76e-d5ba-4ded-9807-988ac9bac7d5,0.376448,47.601931,None,None,None,True,0,True,0,0.0,False,1000.0,0.0,False,None
2026-01-06T05:52:33.094348+00:00,36a44d4a-60ba-4cee-b275-2df1c8c41488,4a95c76e-d5ba-4ded-9807-988ac9bac7d5,0.002481,46.189827,None,None,None,True,0,True,0,0.0,False,1000.0,0.0,False,None
2026-01-06T05:53:29.907166+00:00,36a44d4a-60ba-4cee-b275-2df1c8c41488,r_1767677614,0,None,None,None,None,False,0,True,0,0.0,False,0.0,0.0,False,None
2026-01-06T05:53:33.094861+00:00,36a44d4a-60ba-4cee-b275-2df1c8c41488,4a95c76e-d5ba-4ded-9807-988ac9bac7d5,0.241583,44.466483,None,None,None,True,0,True,0,0.0,False,1000.0,0.0,False,None
