Trade #,Type,Date and time,Signal,Price USDT,SL Price,TP Price,Position size (qty),Position size (value),Net P&L USDT,Net P&L %,Favorable excursion USDT,Favorable excursion %,Adverse excursion USDT,Adverse excursion %,Cumulative P&L USDT,Cumulative P&L %
1,Open Short,2024-07-23 05:00:00,Short,581.22,587.6871,570.4414,16.34493,9500.0,-124.92,-1.11,0.0,0.0,124.92,1.11,-124.92,-1.25
1,Close Short,2024-07-23 09:00:00,Stop-Loss,587.6871,587.6871,570.4414,16.34493,9500.0,-124.92,-1.11,0.0,0.0,124.92,1.11,-124.92,-1.25
2,Open Short,2024-07-25 01:00:00,Short,560.3,564.1416,547.2804,16.743404,9381.33,-83.21,-0.69,0.0,0.0,83.21,0.69,-208.13,-2.08
2,Close Short,2024-07-25 07:00:00,Stop-Loss,564.1416,564.1416,547.2804,16.743404,9381.33,-83.21,-0.69,0.0,0.0,83.21,0.69,-208.13,-2.08
3,Open Short,2024-07-29 16:00:00,Short,575.57,578.1666,566.5557,16.161852,9302.28,-60.65,-0.45,0.0,0.0,60.65,0.45,-268.78,-2.69
3,Close Short,2024-07-30 21:00:00,Stop-Loss,578.1666,578.1666,566.5557,16.161852,9302.28,-60.65,-0.45,0.0,0.0,60.65,0.45,-268.78,-2.69
4,Open Short,2024-07-31 20:00:00,Short,576.03,574.4028,566.1425,16.048914,9244.66,140.51,1.72,140.51,1.72,0.0,0.0,-128.27,-1.28
4,Close Short,2024-08-01 04:00:00,Take-Profit,566.1425,574.4028,566.1425,16.048914,9244.66,140.51,1.72,140.51,1.72,0.0,0.0,-128.27,-1.28
5,Open Long,2024-08-08 16:00:00,Long,505.55,510.0116,520.8964,18.550374,9378.14,63.84,0.88,63.84,0.88,0.0,0.0,-64.43,-0.64
5,Close Long,2024-08-08 22:00:00,Trailing-SL (Profit),510.0116,510.0116,520.8964,18.550374,9378.14,63.84,0.88,63.84,0.88,0.0,0.0,-64.43,-0.64
6,Open Long,2024-08-10 18:00:00,Long,523.06,524.2902,530.7243,18.045334,9438.79,119.15,1.47,119.15,1.47,0.0,0.0,54.72,0.55
6,Close Long,2024-08-11 03:00:00,Take-Profit,530.7243,524.2902,530.7243,18.045334,9438.79,119.15,1.47,119.15,1.47,0.0,0.0,54.72,0.55
7,Open Long,2024-08-17 09:00:00,Long,527.82,529.1902,533.7146,18.09705,9551.98,87.36,1.12,87.36,1.12,0.0,0.0,142.08,1.42
7,Close Long,2024-08-17 15:00:00,Take-Profit,533.7146,529.1902,533.7146,18.09705,9551.98,87.36,1.12,87.36,1.12,0.0,0.0,142.08,1.42
8,Open Short,2024-08-21 12:00:00,Short,550.94,556.767,540.1936,17.488248,9634.98,-121.38,-1.06,0.0,0.0,121.38,1.06,20.7,0.21
8,Close Short,2024-08-21 14:00:00,Stop-Loss,556.767,556.767,540.1936,17.488248,9634.98,-121.38,-1.06,0.0,0.0,121.38,1.06,20.7,0.21
9,Open Short,2024-08-26 06:00:00,Short,563.74,563.295,554.0668,16.886626,9519.67,144.64,1.72,144.64,1.72,0.0,0.0,165.34,1.65
9,Close Short,2024-08-26 18:00:00,Take-Profit,554.0668,563.295,554.0668,16.886626,9519.67,144.64,1.72,144.64,1.72,0.0,0.0,165.34,1.65
10,Open Short,2024-08-27 21:00:00,Short,537.88,530.9304,523.4621,17.953949,9657.07,105.71,1.29,105.71,1.29,0.0,0.0,271.05,2.71
10,Close Short,2024-08-27 22:00:00,Trailing-SL (Profit),530.9304,530.9304,523.4621,17.953949,9657.07,105.71,1.29,105.71,1.29,0.0,0.0,271.05,2.71
11,Open Long,2024-09-03 02:00:00,Long,534.44,528.5204,544.3061,18.257415,9757.49,-127.38,-1.11,0.0,0.0,127.38,1.11,143.67,1.44
11,Close Long,2024-09-03 13:00:00,Stop-Loss,528.5204,528.5204,544.3061,18.257415,9757.49,-127.38,-1.11,0.0,0.0,127.38,1.11,143.67,1.44
12,Open Long,2024-09-08 07:00:00,Long,503.02,498.8575,509.9575,19.157261,9636.49,-98.86,-0.83,0.0,0.0,98.86,0.83,44.81,0.45
12,Close Long,2024-09-08 12:00:00,Stop-Loss,498.8575,498.8575,509.9575,19.157261,9636.49,-98.86,-0.83,0.0,0.0,98.86,0.83,44.81,0.45
13,Open Long,2024-09-09 16:00:00,Long,515.86,517.0578,525.7636,18.498377,9542.57,163.75,1.92,163.75,1.92,0.0,0.0,208.56,2.09
13,Close Long,2024-09-09 21:00:00,Take-Profit,525.7636,517.0578,525.7636,18.498377,9542.57,163.75,1.92,163.75,1.92,0.0,0.0,208.56,2.09
14,Open Short,2024-09-16 01:00:00,Short,545.53,551.3508,533.7782,17.777453,9698.13,-123.08,-1.07,0.0,0.0,123.08,1.07,85.48,0.85
14,Close Short,2024-09-16 08:00:00,Stop-Loss,551.3508,551.3508,533.7782,17.777453,9698.13,-123.08,-1.07,0.0,0.0,123.08,1.07,85.48,0.85
15,Open Short,2024-09-16 14:00:00,Short,539.1,537.03,527.6429,17.772594,9581.21,184.87,2.13,184.87,2.13,0.0,0.0,270.35,2.7
15,Close Short,2024-09-16 21:00:00,Take-Profit,527.6429,537.03,527.6429,17.772594,9581.21,184.87,2.13,184.87,2.13,0.0,0.0,270.35,2.7
16,Open Short,2024-09-25 06:00:00,Short,594.7,594.252,583.2964,16.406306,9756.83,167.95,1.92,167.95,1.92,0.0,0.0,438.3,4.38
16,Close Short,2024-09-26 00:00:00,Take-Profit,583.2964,594.252,583.2964,16.406306,9756.83,167.95,1.92,167.95,1.92,0.0,0.0,438.3,4.38
17,Open Short,2024-09-29 07:00:00,Short,593.78,598.2221,586.3764,16.700434,9916.38,-94.17,-0.75,0.0,0.0,94.17,0.75,344.13,3.44
17,Close Short,2024-09-29 11:00:00,Stop-Loss,598.2221,598.2221,586.3764,16.700434,9916.38,-94.17,-0.75,0.0,0.0,94.17,0.75,344.13,3.44
18,Open Short,2024-09-30 00:00:00,Short,587.36,586.9488,578.4671,16.730668,9826.93,129.43,1.51,129.43,1.51,0.0,0.0,473.56,4.74
18,Close Short,2024-09-30 02:00:00,Take-Profit,578.4671,586.9488,578.4671,16.730668,9826.93,129.43,1.51,129.43,1.51,0.0,0.0,473.56,4.74
19,Open Short,2024-09-30 03:00:00,Short,578.24,574.668,567.3382,17.207182,9949.88,168.06,1.89,168.06,1.89,0.0,0.0,641.62,6.42
19,Close Short,2024-09-30 23:00:00,Take-Profit,567.3382,574.668,567.3382,17.207182,9949.88,168.06,1.89,168.06,1.89,0.0,0.0,641.62,6.42
20,Open Short,2024-10-01 13:00:00,Short,568.51,558.348,558.335,17.782523,10109.54,160.85,1.79,160.85,1.79,0.0,0.0,802.47,8.02
20,Close Short,2024-10-01 15:00:00,Trailing-SL (Profit),558.348,558.348,558.335,17.782523,10109.54,160.85,1.79,160.85,1.79,0.0,0.0,802.47,8.02
21,Open Short,2024-10-01 16:00:00,Short,556.54,548.7804,541.7025,18.439552,10262.35,122.85,1.39,122.85,1.39,0.0,0.0,925.32,9.25
21,Close Short,2024-10-01 17:00:00,Trailing-SL (Profit),548.7804,548.7804,541.7025,18.439552,10262.35,122.85,1.39,122.85,1.39,0.0,0.0,925.32,9.25
22,Open Short,2024-10-01 20:00:00,Short,543.1,552.126,523.1268,19.110755,10379.05,-193.6,-1.66,0.0,0.0,193.6,1.66,731.72,7.32
22,Close Short,2024-10-02 01:00:00,Stop-Loss,552.126,552.126,523.1268,19.110755,10379.05,-193.6,-1.66,0.0,0.0,193.6,1.66,731.72,7.32
23,Open Short,2024-10-10 17:00:00,Short,556.8,562.2954,547.2536,18.310226,10195.13,-121.21,-0.99,0.0,0.0,121.21,0.99,610.51,6.11
23,Close Short,2024-10-10 23:00:00,Stop-Loss,562.2954,562.2954,547.2536,18.310226,10195.13,-121.21,-0.99,0.0,0.0,121.21,0.99,610.51,6.11
24,Open Short,2024-10-13 14:00:00,Short,567.01,570.5232,561.1546,17.777431,10079.98,-82.74,-0.62,0.0,0.0,82.74,0.62,527.77,5.28
24,Close Short,2024-10-13 16:00:00,Stop-Loss,570.5232,570.5232,561.1546,17.777431,10079.98,-82.74,-0.62,0.0,0.0,82.74,0.62,527.77,5.28
25,Open Short,2024-10-22 08:00:00,Short,588.53,593.405,580.405,16.993827,10001.38,-103.01,-0.83,0.0,0.0,103.01,0.83,424.76,4.25
25,Close Short,2024-10-22 11:00:00,Stop-Loss,593.405,593.405,580.405,16.993827,10001.38,-103.01,-0.83,0.0,0.0,103.01,0.83,424.76,4.25
26,Open Short,2024-10-23 07:00:00,Short,584.18,586.5,577.9782,16.952848,9903.51,85.54,1.06,85.54,1.06,0.0,0.0,510.3,5.1
26,Close Short,2024-10-23 16:00:00,Take-Profit,577.9782,586.5,577.9782,16.952848,9903.51,85.54,1.06,85.54,1.06,0.0,0.0,510.3,5.1
27,Open Short,2024-10-25 23:00:00,Short,574.64,581.6346,561.2579,17.375711,9984.78,-141.75,-1.22,0.0,0.0,141.75,1.22,368.55,3.69
27,Close Short,2024-10-26 05:00:00,Stop-Loss,581.6346,581.6346,561.2579,17.375711,9984.78,-141.75,-1.22,0.0,0.0,141.75,1.22,368.55,3.69
28,Open Short,2024-10-31 08:00:00,Short,584.29,587.1324,575.8829,16.858268,9850.12,122.31,1.44,122.31,1.44,0.0,0.0,490.86,4.91
28,Close Short,2024-10-31 14:00:00,Take-Profit,575.8829,587.1324,575.8829,16.858268,9850.12,122.31,1.44,122.31,1.44,0.0,0.0,490.86,4.91
29,Open Short,2024-10-31 15:00:00,Short,581.0,582.5628,571.15,17.153726,9966.31,149.37,1.7,149.37,1.7,0.0,0.0,640.23,6.4
29,Close Short,2024-10-31 20:00:00,Take-Profit,571.15,582.5628,571.15,17.153726,9966.31,149.37,1.7,149.37,1.7,0.0,0.0,640.23,6.4
30,Open Short,2024-11-02 12:00:00,Short,568.0,571.1886,562.6857,17.796155,10108.22,74.55,0.94,74.55,0.94,0.0,0.0,714.78,7.15
30,Close Short,2024-11-02 14:00:00,Take-Profit,562.6857,571.1886,562.6857,17.796155,10108.22,74.55,0.94,74.55,0.94,0.0,0.0,714.78,7.15
31,Open Short,2024-11-03 02:00:00,Short,559.93,564.7814,551.8443,18.179121,10179.04,-108.73,-0.87,0.0,0.0,108.73,0.87,606.05,6.06
31,Close Short,2024-11-03 06:00:00,Stop-Loss,564.7814,564.7814,551.8443,18.179121,10179.04,-108.73,-0.87,0.0,0.0,108.73,0.87,606.05,6.06
32,Open Short,2024-11-03 13:00:00,Short,553.33,557.6238,543.9568,18.209283,10075.74,-98.49,-0.78,0.0,0.0,98.49,0.78,507.56,5.08
32,Close Short,2024-11-03 20:00:00,Stop-Loss,557.6238,557.6238,543.9568,18.209283,10075.74,-98.49,-0.78,0.0,0.0,98.49,0.78,507.56,5.08
33,Open Short,2024-11-25 14:00:00,Short,640.92,644.64,617.9093,15.574755,9982.17,-78.02,-0.58,0.0,0.0,78.02,0.58,429.54,4.3
33,Close Short,2024-11-25 15:00:00,Stop-Loss,644.64,644.64,617.9093,15.574755,9982.17,-78.02,-0.58,0.0,0.0,78.02,0.58,429.54,4.3
34,Open Short,2024-11-26 08:00:00,Short,628.39,632.808,609.215,15.767366,9908.06,-89.62,-0.7,0.0,0.0,89.62,0.7,339.92,3.4
34,Close Short,2024-11-26 10:00:00,Stop-Loss,632.808,632.808,609.215,15.767366,9908.06,-89.62,-0.7,0.0,0.0,89.62,0.7,339.92,3.4
35,Open Short,2024-11-26 11:00:00,Short,620.4,622.7712,599.7929,15.833204,9822.92,-57.26,-0.38,0.0,0.0,57.26,0.38,282.66,2.83
35,Close Short,2024-11-26 13:00:00,Stop-Loss,622.7712,622.7712,599.7929,15.833204,9822.92,-57.26,-0.38,0.0,0.0,57.26,0.38,282.66,2.83
36,Open Short,2024-11-26 18:00:00,Short,604.83,615.3966,578.8461,16.15085,9768.52,-190.54,-1.75,0.0,0.0,190.54,1.75,92.12,0.92
36,Close Short,2024-11-26 20:00:00,Stop-Loss,615.3966,615.3966,578.8461,16.15085,9768.52,-190.54,-1.75,0.0,0.0,190.54,1.75,92.12,0.92
37,Open Short,2024-12-02 08:00:00,Short,633.75,643.0284,615.0893,15.128217,9587.51,-159.82,-1.46,0.0,0.0,159.82,1.46,-67.7,-0.68
37,Close Short,2024-12-02 14:00:00,Stop-Loss,643.0284,643.0284,615.0893,15.128217,9587.51,-159.82,-1.46,0.0,0.0,159.82,1.46,-67.7,-0.68
38,Open Short,2024-12-08 09:00:00,Short,729.33,739.4164,712.5193,12.937459,9435.68,-149.63,-1.38,0.0,0.0,149.63,1.38,-217.33,-2.17
38,Close Short,2024-12-08 11:00:00,Stop-Loss,739.4164,739.4164,712.5193,12.937459,9435.68,-149.63,-1.38,0.0,0.0,149.63,1.38,-217.33,-2.17
39,Open Short,2024-12-09 02:00:00,Short,721.56,722.2212,707.1654,12.879779,9293.53,-27.12,-0.09,0.0,0.0,27.12,0.09,-244.45,-2.44
39,Close Short,2024-12-09 10:00:00,Stop-Loss,722.2212,722.2212,707.1654,12.879779,9293.53,-27.12,-0.09,0.0,0.0,27.12,0.09,-244.45,-2.44
40,Open Short,2024-12-09 20:00:00,Short,698.21,645.66,670.3154,13.273613,9267.77,680.39,7.53,680.39,7.53,0.0,0.0,435.94,4.36
40,Close Short,2024-12-09 21:00:00,Trailing-SL (Profit),645.66,645.66,670.3154,13.273613,9267.77,680.39,7.53,680.39,7.53,0.0,0.0,435.94,4.36
41,Open Short,2024-12-10 15:00:00,Short,657.73,663.9078,628.2157,15.073264,9914.14,-113.13,-0.94,0.0,0.0,113.13,0.94,322.81,3.23
41,Close Short,2024-12-10 16:00:00,Stop-Loss,663.9078,663.9078,628.2157,15.073264,9914.14,-113.13,-0.94,0.0,0.0,113.13,0.94,322.81,3.23
42,Open Short,2024-12-14 13:00:00,Short,710.34,716.8929,699.4186,13.805586,9806.66,-110.26,-0.92,0.0,0.0,110.26,0.92,212.55,2.13
42,Close Short,2024-12-15 01:00:00,Stop-Loss,716.8929,716.8929,699.4186,13.805586,9806.66,-110.26,-0.92,0.0,0.0,110.26,0.92,212.55,2.13
43,Open Short,2024-12-18 20:00:00,Short,695.23,681.4212,674.9639,13.954969,9701.91,173.68,1.99,173.68,1.99,0.0,0.0,386.23,3.86
43,Close Short,2024-12-19 02:00:00,Trailing-SL (Profit),681.4212,681.4212,674.9639,13.954969,9701.91,173.68,1.99,173.68,1.99,0.0,0.0,386.23,3.86
44,Open Short,2024-12-19 17:00:00,Short,671.13,667.1412,650.6693,14.701938,9866.91,39.03,0.59,39.03,0.59,0.0,0.0,425.26,4.25
44,Close Short,2024-12-19 18:00:00,Trailing-SL (Profit),667.1412,667.1412,650.6693,14.701938,9866.91,39.03,0.59,39.03,0.59,0.0,0.0,425.26,4.25
45,Open Short,2024-12-19 19:00:00,Short,658.38,660.5418,632.6996,15.042965,9903.99,-52.39,-0.33,0.0,0.0,52.39,0.33,372.87,3.73
45,Close Short,2024-12-19 20:00:00,Stop-Loss,660.5418,660.5418,632.6996,15.042965,9903.99,-52.39,-0.33,0.0,0.0,52.39,0.33,372.87,3.73
46,Open Short,2024-12-20 08:00:00,Short,645.65,642.651,613.9893,15.26247,9854.21,26.16,0.46,26.16,0.46,0.0,0.0,399.03,3.99
46,Close Short,2024-12-20 10:00:00,Trailing-SL (Profit),642.651,642.651,613.9893,15.26247,9854.21,26.16,0.46,26.16,0.46,0.0,0.0,399.03,3.99
47,Open Short,2024-12-20 11:00:00,Short,619.41,629.8908,589.6082,15.949147,9879.06,-187.25,-1.69,0.0,0.0,187.25,1.69,211.78,2.12
47,Close Short,2024-12-20 12:00:00,Stop-Loss,629.8908,629.8908,589.6082,15.949147,9879.06,-187.25,-1.69,0.0,0.0,187.25,1.69,211.78,2.12
48,Open Short,2024-12-22 19:00:00,Short,644.92,651.984,627.6361,15.042442,9701.17,-125.87,-1.1,0.0,0.0,125.87,1.1,85.91,0.86
48,Close Short,2024-12-22 21:00:00,Stop-Loss,651.984,651.984,627.6361,15.042442,9701.17,-125.87,-1.1,0.0,0.0,125.87,1.1,85.91,0.86
49,Open Short,2024-12-26 12:00:00,Short,683.11,694.9064,663.4493,14.026424,9581.59,-184.96,-1.73,0.0,0.0,184.96,1.73,-99.05,-0.99
49,Close Short,2024-12-26 15:00:00,Stop-Loss,694.9064,694.9064,663.4493,14.026424,9581.59,-184.96,-1.73,0.0,0.0,184.96,1.73,-99.05,-0.99
50,Open Short,2024-12-29 17:00:00,Short,701.16,703.4634,690.3493,13.414745,9405.88,126.5,1.54,126.5,1.54,0.0,0.0,27.45,0.27
50,Close Short,2024-12-29 22:00:00,Take-Profit,690.3493,703.4634,690.3493,13.414745,9405.88,126.5,1.54,126.5,1.54,0.0,0.0,27.45,0.27
51,Open Short,2025-01-05 09:00:00,Short,705.7,709.6407,699.1321,13.498737,9526.06,-72.35,-0.56,0.0,0.0,72.35,0.56,-44.9,-0.45
51,Close Short,2025-01-05 23:00:00,Stop-Loss,709.6407,709.6407,699.1321,13.498737,9526.06,-72.35,-0.56,0.0,0.0,72.35,0.56,-44.9,-0.45
52,Open Short,2025-01-07 14:00:00,Short,716.71,712.7352,707.5136,13.195467,9457.32,33.64,0.55,33.64,0.55,0.0,0.0,-11.26,-0.11
52,Close Short,2025-01-07 15:00:00,Trailing-SL (Profit),712.7352,712.7352,707.5136,13.195467,9457.32,33.64,0.55,33.64,0.55,0.0,0.0,-11.26,-0.11
53,Open Short,2025-01-07 19:00:00,Short,695.67,703.29,680.5271,13.640492,9489.28,-123.13,-1.1,0.0,0.0,123.13,1.1,-134.39,-1.34
53,Close Short,2025-01-08 00:00:00,Stop-Loss,703.29,703.29,680.5271,13.640492,9489.28,-123.13,-1.1,0.0,0.0,123.13,1.1,-134.39,-1.34
54,Open Short,2025-01-13 05:00:00,Short,681.95,683.451,671.7286,13.743398,9372.31,122.01,1.5,122.01,1.5,0.0,0.0,-12.38,-0.12
54,Close Short,2025-01-13 09:00:00,Take-Profit,671.7286,683.451,671.7286,13.743398,9372.31,122.01,1.5,122.01,1.5,0.0,0.0,-12.38,-0.12
55,Open Short,2025-01-13 10:00:00,Short,666.27,669.9768,650.6736,14.240808,9488.22,-71.87,-0.56,0.0,0.0,71.87,0.56,-84.25,-0.84
55,Close Short,2025-01-13 14:00:00,Stop-Loss,669.9768,669.9768,650.6736,14.240808,9488.22,-71.87,-0.56,0.0,0.0,71.87,0.56,-84.25,-0.84
56,Open Short,2025-01-18 03:00:00,Short,708.0,708.7776,695.2071,13.30501,9419.95,151.71,1.81,151.71,1.81,0.0,0.0,67.46,0.67
56,Close Short,2025-01-18 08:00:00,Take-Profit,695.2071,708.7776,695.2071,13.30501,9419.95,151.71,1.81,151.71,1.81,0.0,0.0,67.46,0.67
57,Open Short,2025-01-19 08:00:00,Short,691.92,695.2932,679.1021,13.82251,9564.07,-65.85,-0.49,0.0,0.0,65.85,0.49,1.61,0.02
57,Close Short,2025-01-19 13:00:00,Stop-Loss,695.2932,695.2932,679.1021,13.82251,9564.07,-65.85,-0.49,0.0,0.0,65.85,0.49,1.61,0.02
58,Open Short,2025-01-20 00:00:00,Short,676.34,688.5306,655.2954,14.048431,9501.52,-190.6,-1.8,0.0,0.0,190.6,1.8,-188.99,-1.89
58,Close Short,2025-01-20 02:00:00,Stop-Loss,688.5306,688.5306,655.2954,14.048431,9501.52,-190.6,-1.8,0.0,0.0,190.6,1.8,-188.99,-1.89
59,Open Short,2025-01-26 21:00:00,Short,680.86,683.7207,676.0921,13.689219,9320.44,46.76,0.7,46.76,0.7,0.0,0.0,-142.23,-1.42
59,Close Short,2025-01-26 22:00:00,Take-Profit,676.0921,683.7207,676.0921,13.689219,9320.44,46.76,0.7,46.76,0.7,0.0,0.0,-142.23,-1.42
60,Open Short,2025-01-26 23:00:00,Short,666.64,667.08,659.8525,14.047854,9364.86,76.81,1.02,76.81,1.02,0.0,0.0,-65.42,-0.65
60,Close Short,2025-01-27 02:00:00,Take-Profit,659.8525,667.08,659.8525,14.047854,9364.86,76.81,1.02,76.81,1.02,0.0,0.0,-65.42,-0.65
61,Open Short,2025-01-27 05:00:00,Short,653.16,648.6996,640.8529,14.449495,9437.83,45.7,0.68,45.7,0.68,0.0,0.0,-19.72,-0.2
61,Close Short,2025-01-27 07:00:00,Trailing-SL (Profit),648.6996,648.6996,640.8529,14.449495,9437.83,45.7,0.68,45.7,0.68,0.0,0.0,-19.72,-0.2
62,Open Short,2025-02-01 19:00:00,Short,661.23,663.4386,653.2389,14.338809,9481.25,95.85,1.21,95.85,1.21,0.0,0.0,76.13,0.76
62,Close Short,2025-02-01 23:00:00,Take-Profit,653.2389,663.4386,653.2389,14.338809,9481.25,95.85,1.21,95.85,1.21,0.0,0.0,76.13,0.76
63,Open Short,2025-02-02 03:00:00,Short,649.69,656.7829,637.8686,14.733653,9572.31,-123.86,-1.09,0.0,0.0,123.86,1.09,-47.73,-0.48
63,Close Short,2025-02-02 04:00:00,Stop-Loss,656.7829,656.7829,637.8686,14.733653,9572.31,-123.86,-1.09,0.0,0.0,123.86,1.09,-47.73,-0.48
64,Open Short,2025-02-02 16:00:00,Short,632.59,631.431,616.1507,14.945925,9454.64,-1.55,0.18,0.0,0.18,1.55,0.0,-49.28,-0.49
64,Close Short,2025-02-02 17:00:00,Trailing-SL (Profit),631.431,631.431,616.1507,14.945925,9454.64,-1.55,0.18,0.0,0.18,1.55,0.0,-49.28,-0.49
65,Open Short,2025-02-02 19:00:00,Short,624.2,610.6842,602.6161,15.144454,9453.17,186.19,2.17,186.19,2.17,0.0,0.0,136.91,1.37
65,Close Short,2025-02-02 22:00:00,Trailing-SL (Profit),610.6842,610.6842,602.6161,15.144454,9453.17,186.19,2.17,186.19,2.17,0.0,0.0,136.91,1.37
66,Open Long,2025-02-08 12:00:00,Long,587.05,586.8142,595.1286,16.404141,9630.05,-23.12,-0.04,0.0,0.0,23.12,0.04,113.79,1.14
66,Close Long,2025-02-08 13:00:00,Stop-Loss,586.8142,586.8142,595.1286,16.404141,9630.05,-23.12,-0.04,0.0,0.0,23.12,0.04,113.79,1.14
67,Open Long,2025-02-08 14:00:00,Long,602.57,595.9432,613.6146,15.945179,9608.09,-124.67,-1.1,0.0,0.0,124.67,1.1,-10.88,-0.11
67,Close Long,2025-02-08 15:00:00,Stop-Loss,595.9432,595.9432,613.6146,15.945179,9608.09,-124.67,-1.1,0.0,0.0,124.67,1.1,-10.88,-0.11
68,Open Long,2025-02-08 16:00:00,Long,611.22,614.1072,626.5896,15.525751,9489.65,219.17,2.51,219.17,2.51,0.0,0.0,208.29,2.08
68,Close Long,2025-02-08 18:00:00,Take-Profit,626.5896,614.1072,626.5896,15.525751,9489.65,219.17,2.51,219.17,2.51,0.0,0.0,208.29,2.08
69,Open Short,2025-02-18 06:00:00,Short,645.45,654.0343,631.1429,15.024959,9697.86,-148.63,-1.33,0.0,0.0,148.63,1.33,59.66,0.6
69,Close Short,2025-02-18 09:00:00,Stop-Loss,654.0343,654.0343,631.1429,15.024959,9697.86,-148.63,-1.33,0.0,0.0,148.63,1.33,59.66,0.6
70,Open Short,2025-02-18 16:00:00,Short,633.34,642.3348,612.7382,15.089303,9556.66,-155.11,-1.42,0.0,0.0,155.11,1.42,-95.45,-0.95
70,Close Short,2025-02-18 19:00:00,Stop-Loss,642.3348,642.3348,612.7382,15.089303,9556.66,-155.11,-1.42,0.0,0.0,155.11,1.42,-95.45,-0.95
71,Open Short,2025-02-21 19:00:00,Short,638.63,648.7689,621.7318,14.733578,9409.3,-168.5,-1.59,0.0,0.0,168.5,1.59,-263.95,-2.64
71,Close Short,2025-02-22 00:00:00,Stop-Loss,648.7689,648.7689,621.7318,14.733578,9409.3,-168.5,-1.59,0.0,0.0,168.5,1.59,-263.95,-2.64
72,Open Short,2025-02-23 15:00:00,Short,648.26,653.4629,639.5886,14.267778,9249.23,-92.88,-0.8,0.0,0.0,92.88,0.8,-356.83,-3.57
72,Close Short,2025-02-23 17:00:00,Stop-Loss,653.4629,653.4629,639.5886,14.267778,9249.23,-92.88,-0.8,0.0,0.0,92.88,0.8,-356.83,-3.57
73,Open Short,2025-02-24 03:00:00,Short,644.41,645.5274,634.4189,14.216095,9160.99,124.0,1.55,124.0,1.55,0.0,0.0,-232.83,-2.33
73,Close Short,2025-02-24 14:00:00,Take-Profit,634.4189,645.5274,634.4189,14.216095,9160.99,124.0,1.55,124.0,1.55,0.0,0.0,-232.83,-2.33
74,Open Long,2025-03-01 16:00:00,Long,605.97,606.3064,616.6486,15.312293,9278.79,-13.42,0.06,0.0,0.06,13.42,0.0,-246.25,-2.46
74,Close Long,2025-03-02 15:00:00,Trailing-SL (Profit),606.3064,606.3064,616.6486,15.312293,9278.79,-13.42,0.06,0.0,0.06,13.42,0.0,-246.25,-2.46
75,Open Long,2025-03-02 16:00:00,Long,626.44,621.81,639.2168,14.791591,9266.04,-86.88,-0.74,0.0,0.0,86.88,0.74,-333.13,-3.33
75,Close Long,2025-03-02 17:00:00,Stop-Loss,621.81,621.81,639.2168,14.791591,9266.04,-86.88,-0.74,0.0,0.0,86.88,0.74,-333.13,-3.33
76,Open Long,2025-03-06 05:00:00,Long,611.19,604.95,621.59,15.025619,9183.51,-111.94,-1.02,0.0,0.0,111.94,1.02,-445.07,-4.45
76,Close Long,2025-03-06 06:00:00,Stop-Loss,604.95,604.95,621.59,15.025619,9183.51,-111.94,-1.02,0.0,0.0,111.94,1.02,-445.07,-4.45
77,Open Long,2025-03-15 15:00:00,Long,603.11,604.1308,611.5796,15.050597,9077.17,109.06,1.4,109.06,1.4,0.0,0.0,-336.01,-3.36
77,Close Long,2025-03-15 17:00:00,Take-Profit,611.5796,604.1308,611.5796,15.050597,9077.17,109.06,1.4,109.06,1.4,0.0,0.0,-336.01,-3.36
78,Open Long,2025-03-15 18:00:00,Long,611.55,610.4714,621.9411,15.012307,9180.78,137.32,1.7,137.32,1.7,0.0,0.0,-198.69,-1.99
78,Close Long,2025-03-16 00:00:00,Take-Profit,621.9411,610.4714,621.9411,15.012307,9180.78,137.32,1.7,137.32,1.7,0.0,0.0,-198.69,-1.99
79,Open Long,2025-03-17 01:00:00,Long,617.25,621.3102,631.65,15.085023,9311.23,198.17,2.33,198.17,2.33,0.0,0.0,-0.52,-0.01
79,Close Long,2025-03-17 04:00:00,Take-Profit,631.65,621.3102,631.65,15.085023,9311.23,198.17,2.33,198.17,2.33,0.0,0.0,-0.52,-0.01
80,Open Short,2025-03-26 13:00:00,Short,625.18,628.8046,619.1389,15.194807,9499.49,72.98,0.97,72.98,0.97,0.0,0.0,72.46,0.72
80,Close Short,2025-03-26 18:00:00,Take-Profit,619.1389,628.8046,619.1389,15.194807,9499.49,72.98,0.97,72.98,0.97,0.0,0.0,72.46,0.72
81,Open Long,2025-04-01 08:00:00,Long,615.43,610.8679,623.0336,15.548183,9568.82,-89.93,-0.74,0.0,0.0,89.93,0.74,-17.47,-0.17
81,Close Long,2025-04-01 10:00:00,Stop-Loss,610.8679,610.8679,623.0336,15.548183,9568.82,-89.93,-0.74,0.0,0.0,89.93,0.74,-17.47,-0.17
82,Open Long,2025-04-09 17:00:00,Long,582.99,574.1428,599.1614,16.266807,9483.39,-162.59,-1.52,0.0,0.0,162.59,1.52,-180.06,-1.8
82,Close Long,2025-04-10 03:00:00,Stop-Loss,574.1428,574.1428,599.1614,16.266807,9483.39,-162.59,-1.52,0.0,0.0,162.59,1.52,-180.06,-1.8
83,Open Long,2025-04-12 13:00:00,Long,594.99,591.4082,600.9596,15.679122,9328.92,-74.7,-0.6,0.0,0.0,74.7,0.6,-254.76,-2.55
83,Close Long,2025-04-13 04:00:00,Stop-Loss,591.4082,591.4082,600.9596,15.679122,9328.92,-74.7,-0.6,0.0,0.0,74.7,0.6,-254.76,-2.55
84,Open Long,2025-04-17 16:00:00,Long,592.06,588.2425,598.4225,15.636847,9257.95,-78.09,-0.64,0.0,0.0,78.09,0.64,-332.85,-3.33
84,Close Long,2025-04-18 00:00:00,Stop-Loss,588.2425,588.2425,598.4225,15.636847,9257.95,-78.09,-0.64,0.0,0.0,78.09,0.64,-332.85,-3.33
85,Open Long,2025-04-18 16:00:00,Long,595.12,592.1029,600.1486,15.431788,9183.77,-64.83,-0.51,0.0,0.0,64.83,0.51,-397.68,-3.98
85,Close Long,2025-04-18 19:00:00,Stop-Loss,592.1029,592.1029,600.1486,15.431788,9183.77,-64.83,-0.51,0.0,0.0,64.83,0.51,-397.68,-3.98
86,Open Long,2025-04-21 00:00:00,Long,597.42,594.0139,603.0968,15.26928,9122.17,68.26,0.95,68.26,0.95,0.0,0.0,-329.42,-3.29
86,Close Long,2025-04-21 04:00:00,Take-Profit,603.0968,594.0139,603.0968,15.26928,9122.17,68.26,0.95,68.26,0.95,0.0,0.0,-329.42,-3.29
87,Open Long,2025-04-22 14:00:00,Long,610.13,607.8548,617.5532,15.057484,9187.02,93.18,1.22,93.18,1.22,0.0,0.0,-236.24,-2.36
87,Close Long,2025-04-22 23:00:00,Take-Profit,617.5532,607.8548,617.5532,15.057484,9187.02,93.18,1.22,93.18,1.22,0.0,0.0,-236.24,-2.36
88,Open Long,2025-04-25 06:00:00,Long,608.45,603.5182,616.6696,15.244541,9275.54,-93.58,-0.81,0.0,0.0,93.58,0.81,-329.82,-3.3
88,Close Long,2025-04-25 13:00:00,Stop-Loss,603.5182,603.5182,616.6696,15.244541,9275.54,-93.58,-0.81,0.0,0.0,93.58,0.81,-329.82,-3.3
89,Open Long,2025-05-08 03:00:00,Long,611.27,611.275,619.5361,15.028771,9186.64,105.61,1.35,105.61,1.35,0.0,0.0,-224.21,-2.24
89,Close Long,2025-05-08 15:00:00,Take-Profit,619.5361,611.275,619.5361,15.028771,9186.64,105.61,1.35,105.61,1.35,0.0,0.0,-224.21,-2.24
90,Open Short,2025-05-17 00:00:00,Short,642.07,647.0064,633.0718,14.464098,9286.96,-90.12,-0.77,0.0,0.0,90.12,0.77,-314.33,-3.14
90,Close Short,2025-05-18 08:00:00,Stop-Loss,647.0064,647.0064,633.0718,14.464098,9286.96,-90.12,-0.77,0.0,0.0,90.12,0.77,-314.33,-3.14
91,Open Short,2025-05-23 11:00:00,Short,672.37,673.8018,660.2932,13.684953,9201.35,-38.04,-0.21,0.0,0.0,38.04,0.21,-352.37,-3.52
91,Close Short,2025-05-23 14:00:00,Stop-Loss,673.8018,673.8018,660.2932,13.684953,9201.35,-38.04,-0.21,0.0,0.0,38.04,0.21,-352.37,-3.52
92,Open Short,2025-05-25 00:00:00,Short,662.95,667.7929,654.8786,13.824901,9165.22,-85.42,-0.73,0.0,0.0,85.42,0.73,-437.79,-4.38
92,Close Short,2025-05-25 14:00:00,Stop-Loss,667.7929,667.7929,654.8786,13.824901,9165.22,-85.42,-0.73,0.0,0.0,85.42,0.73,-437.79,-4.38
93,Open Short,2025-05-30 00:00:00,Short,667.29,665.7948,654.1489,13.61338,9084.07,161.08,1.97,161.08,1.97,0.0,0.0,-276.71,-2.77
93,Close Short,2025-05-30 23:00:00,Take-Profit,654.1489,665.7948,654.1489,13.61338,9084.07,161.08,1.97,161.08,1.97,0.0,0.0,-276.71,-2.77
94,Open Short,2025-05-31 00:00:00,Short,649.86,656.8361,638.2332,14.213988,9237.1,-117.83,-1.07,0.0,0.0,117.83,1.07,-394.54,-3.95
94,Close Short,2025-05-31 13:00:00,Stop-Loss,656.8361,656.8361,638.2332,14.213988,9237.1,-117.83,-1.07,0.0,0.0,117.83,1.07,-394.54,-3.95
95,Open Short,2025-06-01 09:00:00,Short,649.63,653.5386,643.1157,14.046709,9125.16,-73.26,-0.6,0.0,0.0,73.26,0.6,-467.8,-4.68
95,Close Short,2025-06-01 14:00:00,Stop-Loss,653.5386,653.5386,643.1157,14.046709,9125.16,-73.26,-0.6,0.0,0.0,73.26,0.6,-467.8,-4.68
96,Open Short,2025-06-05 16:00:00,Short,653.96,653.31,646.1904,13.847275,9055.56,89.69,1.19,89.69,1.19,0.0,0.0,-378.11,-3.78
96,Close Short,2025-06-05 19:00:00,Take-Profit,646.1904,653.31,646.1904,13.847275,9055.56,89.69,1.19,89.69,1.19,0.0,0.0,-378.11,-3.78
97,Open Short,2025-06-05 20:00:00,Short,625.52,633.4721,612.2664,14.613077,9140.77,-134.72,-1.27,0.0,0.0,134.72,1.27,-512.83,-5.13
97,Close Short,2025-06-05 21:00:00,Stop-Loss,633.4721,633.4721,612.2664,14.613077,9140.77,-134.72,-1.27,0.0,0.0,134.72,1.27,-512.83,-5.13
98,Open Short,2025-06-12 20:00:00,Short,653.24,654.381,643.6561,13.797055,9012.79,-33.8,-0.17,0.0,0.0,33.8,0.17,-546.63,-5.47
98,Close Short,2025-06-13 00:00:00,Stop-Loss,654.381,654.381,643.6561,13.797055,9012.79,-33.8,-0.17,0.0,0.0,33.8,0.17,-546.63,-5.47
99,Open Short,2025-06-13 01:00:00,Short,645.04,651.9636,632.1221,13.92267,8980.68,-114.55,-1.07,0.0,0.0,114.55,1.07,-661.18,-6.61
99,Close Short,2025-06-13 07:00:00,Stop-Loss,651.9636,651.9636,632.1221,13.92267,8980.68,-114.55,-1.07,0.0,0.0,114.55,1.07,-661.18,-6.61
100,Open Short,2025-06-14 15:00:00,Short,644.94,647.6304,640.4561,13.756097,8871.86,44.06,0.7,44.06,0.7,0.0,0.0,-617.12,-6.17
100,Close Short,2025-06-14 16:00:00,Take-Profit,640.4561,647.6304,640.4561,13.756097,8871.86,44.06,0.7,44.06,0.7,0.0,0.0,-617.12,-6.17
101,Open Short,2025-06-14 18:00:00,Short,641.28,645.0236,635.0407,13.89988,8913.72,-69.97,-0.58,0.0,0.0,69.97,0.58,-687.09,-6.87
101,Close Short,2025-06-14 23:00:00,Stop-Loss,645.0236,645.0236,635.0407,13.89988,8913.72,-69.97,-0.58,0.0,0.0,69.97,0.58,-687.09,-6.87
102,Open Short,2025-06-17 15:00:00,Short,646.36,650.5032,639.4546,13.687801,8847.25,-74.52,-0.64,0.0,0.0,74.52,0.64,-761.61,-7.62
102,Close Short,2025-06-18 00:00:00,Stop-Loss,650.5032,650.5032,639.4546,13.687801,8847.25,-74.52,-0.64,0.0,0.0,74.52,0.64,-761.61,-7.62
103,Open Short,2025-06-18 10:00:00,Short,642.19,646.5582,634.9096,13.666444,8776.45,-77.37,-0.68,0.0,0.0,77.37,0.68,-838.98,-8.39
103,Close Short,2025-06-20 07:00:00,Stop-Loss,646.5582,646.5582,634.9096,13.666444,8776.45,-77.37,-0.68,0.0,0.0,77.37,0.68,-838.98,-8.39
104,Open Short,2025-06-21 13:00:00,Short,636.04,633.3282,629.9418,13.683026,8702.95,66.2,0.96,66.2,0.96,0.0,0.0,-772.78,-7.73
104,Close Short,2025-06-21 21:00:00,Take-Profit,629.9418,633.3282,629.9418,13.683026,8702.95,66.2,0.96,66.2,0.96,0.0,0.0,-772.78,-7.73
105,Open Short,2025-07-01 14:00:00,Short,646.99,650.3339,641.4168,13.548655,8765.84,-62.93,-0.52,0.0,0.0,62.93,0.52,-835.71,-8.36
105,Close Short,2025-07-02 05:00:00,Stop-Loss,650.3339,650.3339,641.4168,13.548655,8765.84,-62.93,-0.52,0.0,0.0,62.93,0.52,-835.71,-8.36
106,Open Short,2025-07-04 16:00:00,Short,651.99,655.7871,645.6614,13.353062,8706.06,-68.22,-0.58,0.0,0.0,68.22,0.58,-903.93,-9.04
106,Close Short,2025-07-05 03:00:00,Stop-Loss,655.7871,655.7871,645.6614,13.353062,8706.06,-68.22,-0.58,0.0,0.0,68.22,0.58,-903.93,-9.04
107,Open Short,2025-07-12 15:00:00,Short,681.29,686.6375,672.3775,12.683669,8641.26,-85.24,-0.78,0.0,0.0,85.24,0.78,-989.17,-9.89
107,Close Short,2025-07-12 17:00:00,Stop-Loss,686.6375,686.6375,672.3775,12.683669,8641.26,-85.24,-0.78,0.0,0.0,85.24,0.78,-989.17,-9.89
108,Open Short,2025-07-15 03:00:00,Short,679.85,687.3554,667.3411,12.591417,8560.27,-111.81,-1.1,0.0,0.0,111.81,1.1,-1100.98,-11.01
108,Close Short,2025-07-15 14:00:00,Stop-Loss,687.3554,687.3554,667.3411,12.591417,8560.27,-111.81,-1.1,0.0,0.0,111.81,1.1,-1100.98,-11.01
109,Open Short,2025-07-29 15:00:00,Short,805.73,811.92,783.0979,10.492414,8454.05,-81.99,-0.77,0.0,0.0,81.99,0.77,-1182.97,-11.83
109,Close Short,2025-07-30 02:00:00,Stop-Loss,811.92,811.92,783.0979,10.492414,8454.05,-81.99,-0.77,0.0,0.0,81.99,0.77,-1182.97,-11.83
110,Open Short,2025-07-30 11:00:00,Short,789.29,795.141,771.7775,10.612279,8376.17,-78.97,-0.74,0.0,0.0,78.97,0.74,-1261.94,-12.62
110,Close Short,2025-07-30 14:00:00,Stop-Loss,795.141,795.141,771.7775,10.612279,8376.17,-78.97,-0.74,0.0,0.0,78.97,0.74,-1261.94,-12.62
111,Open Short,2025-08-01 08:00:00,Short,766.4,772.701,745.025,10.831349,8301.15,-84.99,-0.82,0.0,0.0,84.99,0.82,-1346.93,-13.47
111,Close Short,2025-08-01 13:00:00,Stop-Loss,772.701,772.701,745.025,10.831349,8301.15,-84.99,-0.82,0.0,0.0,84.99,0.82,-1346.93,-13.47
112,Open Short,2025-08-02 15:00:00,Short,743.43,745.0386,726.6068,11.057407,8220.41,-34.26,-0.22,0.0,0.0,34.26,0.22,-1381.19,-13.81
112,Close Short,2025-08-03 04:00:00,Stop-Loss,745.0386,745.0386,726.6068,11.057407,8220.41,-34.26,-0.22,0.0,0.0,34.26,0.22,-1381.19,-13.81
113,Open Short,2025-08-05 14:00:00,Short,748.4,756.2986,735.2357,10.940483,8187.86,-102.96,-1.06,0.0,0.0,102.96,1.06,-1484.15,-14.84
113,Close Short,2025-08-05 23:00:00,Stop-Loss,756.2986,756.2986,735.2357,10.940483,8187.86,-102.96,-1.06,0.0,0.0,102.96,1.06,-1484.15,-14.84
114,Open Short,2025-08-15 14:00:00,Short,827.53,829.056,808.3586,9.776133,8090.04,-31.13,-0.18,0.0,0.0,31.13,0.18,-1515.28,-15.15
114,Close Short,2025-08-15 22:00:00,Stop-Loss,829.056,829.056,808.3586,9.776133,8090.04,-31.13,-0.18,0.0,0.0,31.13,0.18,-1515.28,-15.15
115,Open Short,2025-08-18 02:00:00,Short,837.61,841.6938,823.6404,9.623179,8060.47,-55.5,-0.49,0.0,0.0,55.5,0.49,-1570.78,-15.71
115,Close Short,2025-08-18 15:00:00,Stop-Loss,841.6938,841.6938,823.6404,9.623179,8060.47,-55.5,-0.49,0.0,0.0,55.5,0.49,-1570.78,-15.71
116,Open Short,2025-08-24 10:00:00,Short,862.98,870.7007,850.1121,9.279181,8007.75,-87.8,-0.89,0.0,0.0,87.8,0.89,-1658.58,-16.59
116,Close Short,2025-08-24 15:00:00,Stop-Loss,870.7007,870.7007,850.1121,9.279181,8007.75,-87.8,-0.89,0.0,0.0,87.8,0.89,-1658.58,-16.59
117,Open Short,2025-08-25 20:00:00,Short,838.1,846.6816,814.1179,9.455121,7924.34,-97.15,-1.02,0.0,0.0,97.15,1.02,-1755.73,-17.56
117,Close Short,2025-08-26 02:00:00,Stop-Loss,846.6816,846.6816,814.1179,9.455121,7924.34,-97.15,-1.02,0.0,0.0,97.15,1.02,-1755.73,-17.56
118,Open Short,2025-08-29 07:00:00,Short,857.57,865.0389,845.1218,9.132833,7832.04,-84.01,-0.87,0.0,0.0,84.01,0.87,-1839.74,-18.4
118,Close Short,2025-08-29 12:00:00,Stop-Loss,865.0389,865.0389,845.1218,9.132833,7832.04,-84.01,-0.87,0.0,0.0,84.01,0.87,-1839.74,-18.4
119,Open Short,2025-09-02 12:00:00,Short,841.86,847.7914,831.9743,9.208456,7752.23,-70.23,-0.7,0.0,0.0,70.23,0.7,-1909.97,-19.1
119,Close Short,2025-09-02 13:00:00,Stop-Loss,847.7914,847.7914,831.9743,9.208456,7752.23,-70.23,-0.7,0.0,0.0,70.23,0.7,-1909.97,-19.1
120,Open Short,2025-09-15 08:00:00,Short,911.3,919.7761,897.1732,8.433567,7685.51,-87.0,-0.93,0.0,0.0,87.0,0.93,-1996.97,-19.97
120,Close Short,2025-09-15 10:00:00,Stop-Loss,919.7761,919.7761,897.1732,8.433567,7685.51,-87.0,-0.93,0.0,0.0,87.0,0.93,-1996.97,-19.97
121,Open Short,2025-09-25 04:00:00,Short,991.0,999.6,970.1946,7.671909,7602.86,-81.32,-0.87,0.0,0.0,81.32,0.87,-2078.29,-20.78
121,Close Short,2025-09-25 14:00:00,Stop-Loss,999.6,999.6,970.1946,7.671909,7602.86,-81.32,-0.87,0.0,0.0,81.32,0.87,-2078.29,-20.78
122,Open Short,2025-09-25 17:00:00,Short,956.72,958.8,926.845,7.866055,7525.61,-31.45,-0.22,0.0,0.0,31.45,0.22,-2109.74,-21.1
122,Close Short,2025-09-26 01:00:00,Stop-Loss,958.8,958.8,926.845,7.866055,7525.61,-31.45,-0.22,0.0,0.0,31.45,0.22,-2109.74,-21.1
123,Open Short,2025-09-30 15:00:00,Short,998.71,1009.7189,980.3618,7.505421,7495.74,-97.78,-1.1,0.0,0.0,97.78,1.1,-2207.52,-22.08
123,Close Short,2025-09-30 19:00:00,Stop-Loss,1009.7189,1009.7189,980.3618,7.505421,7495.74,-97.78,-1.1,0.0,0.0,97.78,1.1,-2207.52,-22.08
124,Open Short,2025-10-09 02:00:00,Short,1260.22,1285.3122,1213.82,5.874248,7402.84,-162.5,-1.99,0.0,0.0,162.5,1.99,-2370.02,-23.7
124,Close Short,2025-10-09 04:00:00,Stop-Loss,1285.3122,1285.3122,1213.82,5.874248,7402.84,-162.5,-1.99,0.0,0.0,162.5,1.99,-2370.02,-23.7
125,Open Short,2025-10-09 14:00:00,Short,1238.12,1250.061,1180.895,5.854417,7248.47,-84.54,-0.96,0.0,0.0,84.54,0.96,-2454.56,-24.55
125,Close Short,2025-10-09 21:00:00,Stop-Loss,1250.061,1250.061,1180.895,5.854417,7248.47,-84.54,-0.96,0.0,0.0,84.54,0.96,-2454.56,-24.55
126,Open Short,2025-10-10 15:00:00,Short,1216.5,1238.6574,1175.3661,5.892441,7168.15,-145.16,-1.82,0.0,0.0,145.16,1.82,-2599.72,-26.0
126,Close Short,2025-10-10 16:00:00,Stop-Loss,1238.6574,1238.6574,1175.3661,5.892441,7168.15,-145.16,-1.82,0.0,0.0,145.16,1.82,-2599.72,-26.0
127,Open Short,2025-10-10 21:00:00,Short,1107.69,1078.3134,988.0025,6.34677,7030.25,172.76,2.65,172.76,2.65,0.0,0.0,-2426.96,-24.27
127,Close Short,2025-10-10 22:00:00,Trailing-SL (Profit),1078.3134,1078.3134,988.0025,6.34677,7030.25,172.76,2.65,172.76,2.65,0.0,0.0,-2426.96,-24.27
128,Open Short,2025-10-14 06:00:00,Short,1203.13,1211.352,1148.405,5.979715,7194.37,-63.65,-0.68,0.0,0.0,63.65,0.68,-2490.61,-24.91
128,Close Short,2025-10-14 07:00:00,Stop-Loss,1211.352,1211.352,1148.405,5.979715,7194.37,-63.65,-0.68,0.0,0.0,63.65,0.68,-2490.61,-24.91
129,Open Short,2025-10-14 10:00:00,Short,1182.95,1191.5946,1123.8357,6.030605,7133.9,-66.5,-0.73,0.0,0.0,66.5,0.73,-2557.11,-25.57
129,Close Short,2025-10-14 11:00:00,Stop-Loss,1191.5946,1191.5946,1123.8357,6.030605,7133.9,-66.5,-0.73,0.0,0.0,66.5,0.73,-2557.11,-25.57
130,Open Short,2025-10-14 12:00:00,Short,1149.61,1168.7262,1084.4761,6.150543,7070.73,-131.95,-1.66,0.0,0.0,131.95,1.66,-2689.06,-26.89
130,Close Short,2025-10-14 13:00:00,Stop-Loss,1168.7262,1168.7262,1084.4761,6.150543,7070.73,-131.95,-1.66,0.0,0.0,131.95,1.66,-2689.06,-26.89
131,Open Short,2025-10-16 15:00:00,Short,1134.97,1144.2564,1094.0575,6.119432,6945.37,-70.83,-0.82,0.0,0.0,70.83,0.82,-2759.89,-27.6
131,Close Short,2025-10-16 16:00:00,Stop-Loss,1144.2564,1144.2564,1094.0575,6.119432,6945.37,-70.83,-0.82,0.0,0.0,70.83,0.82,-2759.89,-27.6
132,Open Short,2025-10-17 06:00:00,Short,1095.38,1080.5574,1055.655,6.279174,6878.08,79.5,1.35,79.5,1.35,0.0,0.0,-2680.39,-26.8
132,Close Short,2025-10-17 07:00:00,Trailing-SL (Profit),1080.5574,1080.5574,1055.655,6.279174,6878.08,79.5,1.35,79.5,1.35,0.0,0.0,-2680.39,-26.8
133,Open Short,2025-10-17 08:00:00,Short,1042.64,1058.0868,992.9775,6.669234,6953.61,-117.13,-1.48,0.0,0.0,117.13,1.48,-2797.52,-27.98
133,Close Short,2025-10-17 09:00:00,Stop-Loss,1058.0868,1058.0868,992.9775,6.669234,6953.61,-117.13,-1.48,0.0,0.0,117.13,1.48,-2797.52,-27.98
134,Open Short,2025-10-21 04:00:00,Short,1063.21,1079.7968,1035.5654,6.435544,6842.33,-120.64,-1.56,0.0,0.0,120.64,1.56,-2918.16,-29.18
134,Close Short,2025-10-21 12:00:00,Stop-Loss,1079.7968,1079.7968,1035.5654,6.435544,6842.33,-120.64,-1.56,0.0,0.0,120.64,1.56,-2918.16,-29.18
135,Open Short,2025-10-28 20:00:00,Short,1090.07,1102.7322,1057.8539,6.171827,6727.72,-91.76,-1.16,0.0,0.0,91.76,1.16,-3009.92,-30.1
135,Close Short,2025-10-28 22:00:00,Stop-Loss,1102.7322,1102.7322,1057.8539,6.171827,6727.72,-91.76,-1.16,0.0,0.0,91.76,1.16,-3009.92,-30.1
136,Open Short,2025-10-30 13:00:00,Short,1079.42,1061.1774,1047.2004,6.151962,6640.55,99.17,1.69,99.17,1.69,0.0,0.0,-2910.75,-29.11
136,Close Short,2025-10-30 20:00:00,Trailing-SL (Profit),1061.1774,1061.1774,1047.2004,6.151962,6640.55,99.17,1.69,99.17,1.69,0.0,0.0,-2910.75,-29.11
137,Open Short,2025-11-03 02:00:00,Short,1060.05,1060.9326,1043.7286,6.353251,6734.76,-19.09,-0.08,0.0,0.0,19.09,0.08,-2929.84,-29.3
137,Close Short,2025-11-03 03:00:00,Stop-Loss,1060.9326,1060.9326,1043.7286,6.353251,6734.76,-19.09,-0.08,0.0,0.0,19.09,0.08,-2929.84,-29.3
138,Open Short,2025-11-03 04:00:00,Short,1043.22,1037.2992,1022.5325,6.438364,6716.63,120.03,1.98,120.03,1.98,0.0,0.0,-2809.81,-28.1
138,Close Short,2025-11-03 08:00:00,Take-Profit,1022.5325,1037.2992,1022.5325,6.438364,6716.63,120.03,1.98,120.03,1.98,0.0,0.0,-2809.81,-28.1
139,Open Short,2025-11-03 11:00:00,Short,1015.96,970.02,983.6779,6.723351,6830.66,295.83,4.52,295.83,4.52,0.0,0.0,-2513.98,-25.14
139,Close Short,2025-11-03 15:00:00,Trailing-SL (Profit),970.02,970.02,983.6779,6.723351,6830.66,295.83,4.52,295.83,4.52,0.0,0.0,-2513.98,-25.14
140,Open Short,2025-11-04 05:00:00,Short,947.28,966.0114,908.3354,7.507486,7111.69,-155.13,-1.98,0.0,0.0,155.13,1.98,-2669.11,-26.69
140,Close Short,2025-11-04 06:00:00,Stop-Loss,966.0114,966.0114,908.3354,7.507486,7111.69,-155.13,-1.98,0.0,0.0,155.13,1.98,-2669.11,-26.69
141,Open Short,2025-11-10 15:00:00,Short,979.17,992.175,957.495,7.11247,6964.32,-106.61,-1.33,0.0,0.0,106.61,1.33,-2775.72,-27.76
141,Close Short,2025-11-10 22:00:00,Stop-Loss,992.175,992.175,957.495,7.11247,6964.32,-106.61,-1.33,0.0,0.0,106.61,1.33,-2775.72,-27.76
142,Open Short,2025-11-12 16:00:00,Short,942.09,955.6339,919.5168,7.284905,6863.04,-112.59,-1.44,0.0,0.0,112.59,1.44,-2888.31,-28.88
142,Close Short,2025-11-12 21:00:00,Stop-Loss,955.6339,955.6339,919.5168,7.284905,6863.04,-112.59,-1.44,0.0,0.0,112.59,1.44,-2888.31,-28.88
143,Open Short,2025-11-13 17:00:00,Short,931.04,932.2086,909.2293,7.256484,6756.08,-22.01,-0.13,0.0,0.0,22.01,0.13,-2910.32,-29.1
143,Close Short,2025-11-13 18:00:00,Stop-Loss,932.2086,932.2086,909.2293,7.256484,6756.08,-22.01,-0.13,0.0,0.0,22.01,0.13,-2910.32,-29.1
144,Open Short,2025-11-13 19:00:00,Short,913.74,924.2628,889.2293,7.370989,6735.17,-91.19,-1.15,0.0,0.0,91.19,1.15,-3001.51,-30.02
144,Close Short,2025-11-13 22:00:00,Stop-Loss,924.2628,924.2628,889.2293,7.370989,6735.17,-91.19,-1.15,0.0,0.0,91.19,1.15,-3001.51,-30.02
145,Open Short,2025-11-16 16:00:00,Short,914.45,926.6986,894.0357,7.270532,6648.54,-102.53,-1.34,0.0,0.0,102.53,1.34,-3104.04,-31.04
145,Close Short,2025-11-16 18:00:00,Stop-Loss,926.6986,926.6986,894.0357,7.270532,6648.54,-102.53,-1.34,0.0,0.0,102.53,1.34,-3104.04,-31.04
146,Open Short,2025-11-17 13:00:00,Short,907.03,919.6218,885.5514,7.222623,6551.14,-104.23,-1.39,0.0,0.0,104.23,1.39,-3208.27,-32.08
146,Close Short,2025-11-17 14:00:00,Stop-Loss,919.6218,919.6218,885.5514,7.222623,6551.14,-104.23,-1.39,0.0,0.0,104.23,1.39,-3208.27,-32.08
147,Open Short,2025-11-19 15:00:00,Short,894.96,889.4706,870.2439,7.209392,6452.12,26.75,0.61,26.75,0.61,0.0,0.0,-3181.52,-31.82
147,Close Short,2025-11-19 21:00:00,Trailing-SL (Profit),889.4706,889.4706,870.2439,7.209392,6452.12,26.75,0.61,26.75,0.61,0.0,0.0,-3181.52,-31.82
148,Open Short,2025-11-20 16:00:00,Short,880.65,873.3852,860.1696,7.355397,6477.53,137.99,2.33,137.99,2.33,0.0,0.0,-3043.53,-30.44
148,Close Short,2025-11-21 02:00:00,Take-Profit,860.1696,873.3852,860.1696,7.355397,6477.53,137.99,2.33,137.99,2.33,0.0,0.0,-3043.53,-30.44
149,Open Short,2025-11-21 07:00:00,Short,832.29,829.3824,797.4186,7.940283,6608.62,9.92,0.35,9.92,0.35,0.0,0.0,-3033.61,-30.34
149,Close Short,2025-11-21 09:00:00,Trailing-SL (Profit),829.3824,829.3824,797.4186,7.940283,6608.62,9.92,0.35,9.92,0.35,0.0,0.0,-3033.61,-30.34
150,Open Short,2025-11-21 10:00:00,Short,812.98,806.7384,775.2264,8.140469,6618.04,37.68,0.77,37.68,0.77,0.0,0.0,-2995.93,-29.96
150,Close Short,2025-11-21 12:00:00,Trailing-SL (Profit),806.7384,806.7384,775.2264,8.140469,6618.04,37.68,0.77,37.68,0.77,0.0,0.0,-2995.93,-29.96
151,Open Short,2025-11-29 17:00:00,Short,873.33,879.135,863.655,7.618918,6653.83,-57.62,-0.66,0.0,0.0,57.62,0.66,-3053.55,-30.54
151,Close Short,2025-11-30 02:00:00,Stop-Loss,879.135,879.135,863.655,7.618918,6653.83,-57.62,-0.66,0.0,0.0,57.62,0.66,-3053.55,-30.54
152,Open Short,2025-12-01 00:00:00,Short,834.46,817.428,810.9332,7.908213,6599.09,121.76,2.04,121.76,2.04,0.0,0.0,-2931.79,-29.32
152,Close Short,2025-12-01 15:00:00,Trailing-SL (Profit),817.428,817.428,810.9332,7.908213,6599.09,121.76,2.04,121.76,2.04,0.0,0.0,-2931.79,-29.32
153,Open Short,2025-12-05 13:00:00,Short,887.12,895.9721,872.3664,7.569171,6714.76,-80.57,-1.0,0.0,0.0,80.57,1.0,-3012.36,-30.12
153,Close Short,2025-12-05 15:00:00,Stop-Loss,895.9721,895.9721,872.3664,7.569171,6714.76,-80.57,-1.0,0.0,0.0,80.57,1.0,-3012.36,-30.12
154,Open Short,2025-12-05 16:00:00,Short,879.58,890.9586,860.6157,7.547039,6638.22,-99.32,-1.29,0.0,0.0,99.32,1.29,-3111.68,-31.12
154,Close Short,2025-12-06 14:00:00,Stop-Loss,890.9586,890.9586,860.6157,7.547039,6638.22,-99.32,-1.29,0.0,0.0,99.32,1.29,-3111.68,-31.12
155,Open Short,2025-12-07 14:00:00,Short,874.01,881.9321,860.8064,7.487177,6543.87,-72.52,-0.91,0.0,0.0,72.52,0.91,-3184.2,-31.84
155,Close Short,2025-12-07 15:00:00,Stop-Loss,881.9321,881.9321,860.8064,7.487177,6543.87,-72.52,-0.91,0.0,0.0,72.52,0.91,-3184.2,-31.84
156,Open Short,2025-12-11 02:00:00,Short,867.29,876.384,843.7168,7.465753,6474.97,-80.98,-1.05,0.0,0.0,80.98,1.05,-3265.18,-32.65
156,Close Short,2025-12-11 18:00:00,Stop-Loss,876.384,876.384,843.7168,7.465753,6474.97,-80.98,-1.05,0.0,0.0,80.98,1.05,-3265.18,-32.65
157,Open Short,2025-12-12 15:00:00,Short,874.44,882.0921,861.6864,7.316731,6398.04,-68.9,-0.88,0.0,0.0,68.9,0.88,-3334.08,-33.34
157,Close Short,2025-12-12 18:00:00,Stop-Loss,882.0921,882.0921,861.6864,7.316731,6398.04,-68.9,-0.88,0.0,0.0,68.9,0.88,-3334.08,-33.34
158,Open Short,2025-12-15 14:00:00,Short,871.85,868.734,858.1625,7.263395,6332.59,10.01,0.36,10.01,0.36,0.0,0.0,-3324.07,-33.24
158,Close Short,2025-12-15 15:00:00,Trailing-SL (Profit),868.734,868.734,858.1625,7.263395,6332.59,10.01,0.36,10.01,0.36,0.0,0.0,-3324.07,-33.24
159,Open Short,2025-12-15 16:00:00,Short,852.2,857.5752,835.7821,7.442036,6342.1,-52.77,-0.63,0.0,0.0,52.77,0.63,-3376.84,-33.77
159,Close Short,2025-12-15 23:00:00,Stop-Loss,857.5752,857.5752,835.7821,7.442036,6342.1,-52.77,-0.63,0.0,0.0,52.77,0.63,-3376.84,-33.77
160,Open Short,2025-12-21 02:00:00,Short,848.08,851.4829,842.4086,7.419081,6291.97,-37.88,-0.4,0.0,0.0,37.88,0.4,-3414.72,-34.15
160,Close Short,2025-12-21 03:00:00,Stop-Loss,851.4829,851.4829,842.4086,7.419081,6291.97,-37.88,-0.4,0.0,0.0,37.88,0.4,-3414.72,-34.15
161,Open Short,2025-12-23 14:00:00,Short,840.95,847.4268,830.1554,7.439191,6255.99,-60.79,-0.77,0.0,0.0,60.79,0.77,-3475.51,-34.76
161,Close Short,2025-12-23 16:00:00,Stop-Loss,847.4268,847.4268,830.1554,7.439191,6255.99,-60.79,-0.77,0.0,0.0,60.79,0.77,-3475.51,-34.76
162,Open Short,2025-12-25 10:00:00,Short,836.84,841.0196,829.8739,7.406717,6198.24,-43.42,-0.5,0.0,0.0,43.42,0.5,-3518.93,-35.19
162,Close Short,2025-12-25 15:00:00,Stop-Loss,841.0196,841.0196,829.8739,7.406717,6198.24,-43.42,-0.5,0.0,0.0,43.42,0.5,-3518.93,-35.19
163,Open Short,2025-12-25 23:00:00,Short,829.46,835.6861,819.0832,7.422892,6156.99,-58.62,-0.75,0.0,0.0,58.62,0.75,-3577.55,-35.78
163,Close Short,2025-12-26 02:00:00,Stop-Loss,835.6861,835.6861,819.0832,7.422892,6156.99,-58.62,-0.75,0.0,0.0,58.62,0.75,-3577.55,-35.78
164,Open Short,2026-01-06 17:00:00,Short,894.21,904.1604,877.6261,6.823119,6101.3,-80.23,-1.11,0.0,0.0,80.23,1.11,-3657.78,-36.58
164,Close Short,2026-01-06 20:00:00,Stop-Loss,904.1604,904.1604,877.6261,6.823119,6101.3,-80.23,-1.11,0.0,0.0,80.23,1.11,-3657.78,-36.58
165,Open Short,2026-01-08 06:00:00,Short,880.48,889.2218,865.9104,6.842952,6025.08,-71.99,-0.99,0.0,0.0,71.99,0.99,-3729.77,-37.3
165,Close Short,2026-01-08 15:00:00,Stop-Loss,889.2218,889.2218,865.9104,6.842952,6025.08,-71.99,-0.99,0.0,0.0,71.99,0.99,-3729.77,-37.3
166,Open Short,2026-01-18 23:00:00,Short,932.72,918.6834,921.6129,6.386367,5956.69,77.91,1.5,77.91,1.5,0.0,0.0,-3651.86,-36.52
166,Close Short,2026-01-19 00:00:00,Trailing-SL (Profit),918.6834,918.6834,921.6129,6.386367,5956.69,77.91,1.5,77.91,1.5,0.0,0.0,-3651.86,-36.52
167,Open Short,2026-01-20 06:00:00,Short,915.87,921.06,904.6468,6.584674,6030.71,61.99,1.23,61.99,1.23,0.0,0.0,-3589.87,-35.9
167,Close Short,2026-01-20 14:00:00,Take-Profit,904.6468,921.06,904.6468,6.584674,6030.71,61.99,1.23,61.99,1.23,0.0,0.0,-3589.87,-35.9
168,Open Short,2026-01-20 15:00:00,Short,905.84,904.7502,891.8293,6.722593,6089.59,82.2,1.55,82.2,1.55,0.0,0.0,-3507.67,-35.08
168,Close Short,2026-01-20 17:00:00,Take-Profit,891.8293,904.7502,891.8293,6.722593,6089.59,82.2,1.55,82.2,1.55,0.0,0.0,-3507.67,-35.08
169,Open Short,2026-01-21 00:00:00,Short,881.75,881.79,861.7911,6.994818,6167.68,-12.62,-0.0,0.0,0.0,12.62,0.0,-3520.29,-35.2
169,Close Short,2026-01-21 14:00:00,Stop-Loss,881.79,881.79,861.7911,6.994818,6167.68,-12.62,-0.0,0.0,0.0,12.62,0.0,-3520.29,-35.2
170,Open Short,2026-01-24 16:00:00,Short,888.12,890.7825,883.6825,6.931154,6155.7,-30.8,-0.3,0.0,0.0,30.8,0.3,-3551.09,-35.51
170,Close Short,2026-01-24 18:00:00,Stop-Loss,890.7825,890.7825,883.6825,6.931154,6155.7,-30.8,-0.3,0.0,0.0,30.8,0.3,-3551.09,-35.51
171,Open Short,2026-01-25 03:00:00,Short,881.63,884.915,876.155,6.948985,6126.43,25.87,0.62,25.87,0.62,0.0,0.0,-3525.22,-35.25
171,Close Short,2026-01-25 16:00:00,Take-Profit,876.155,884.915,876.155,6.948985,6126.43,25.87,0.62,25.87,0.62,0.0,0.0,-3525.22,-35.25
172,Open Short,2026-01-25 18:00:00,Short,866.9,873.0232,856.6946,7.095408,6151.01,60.25,1.18,60.25,1.18,0.0,0.0,-3464.97,-34.65
172,Close Short,2026-01-25 19:00:00,Take-Profit,856.6946,873.0232,856.6946,7.095408,6151.01,60.25,1.18,60.25,1.18,0.0,0.0,-3464.97,-34.65
173,Open Short,2026-01-29 14:00:00,Short,878.18,874.1502,864.2157,7.069451,6208.25,16.13,0.46,16.13,0.46,0.0,0.0,-3448.84,-34.49
173,Close Short,2026-01-29 15:00:00,Trailing-SL (Profit),874.1502,874.1502,864.2157,7.069451,6208.25,16.13,0.46,16.13,0.46,0.0,0.0,-3448.84,-34.49
174,Open Short,2026-01-29 16:00:00,Short,865.76,851.9652,848.8368,7.188566,6223.57,86.92,1.59,86.92,1.59,0.0,0.0,-3361.92,-33.62
174,Close Short,2026-01-30 01:00:00,Trailing-SL (Profit),851.9652,851.9652,848.8368,7.188566,6223.57,86.92,1.59,86.92,1.59,0.0,0.0,-3361.92,-33.62
175,Open Short,2026-01-31 08:00:00,Short,836.32,821.1,821.3093,7.540347,6306.14,102.38,1.82,102.38,1.82,0.0,0.0,-3259.54,-32.6
175,Close Short,2026-01-31 14:00:00,Trailing-SL (Profit),821.1,821.1,821.3093,7.540347,6306.14,102.38,1.82,102.38,1.82,0.0,0.0,-3259.54,-32.6
176,Open Short,2026-01-31 15:00:00,Short,803.19,805.8816,784.8239,7.972467,6403.41,-34.31,-0.34,0.0,0.0,34.31,0.34,-3293.85,-32.94
176,Close Short,2026-01-31 16:00:00,Stop-Loss,805.8816,805.8816,784.8239,7.972467,6403.41,-34.31,-0.34,0.0,0.0,34.31,0.34,-3293.85,-32.94
177,Open Short,2026-01-31 17:00:00,Short,781.57,764.1942,756.7861,8.151301,6370.81,129.18,2.22,129.18,2.22,0.0,0.0,-3164.67,-31.65
177,Close Short,2026-01-31 18:00:00,Trailing-SL (Profit),764.1942,764.1942,756.7861,8.151301,6370.81,129.18,2.22,129.18,2.22,0.0,0.0,-3164.67,-31.65
178,Open Short,2026-02-01 14:00:00,Short,762.8,757.3806,741.9089,8.512757,6493.53,33.24,0.71,33.24,0.71,0.0,0.0,-3131.43,-31.31
178,Close Short,2026-02-01 15:00:00,Trailing-SL (Profit),757.3806,757.3806,741.9089,8.512757,6493.53,33.24,0.71,33.24,0.71,0.0,0.0,-3131.43,-31.31
179,Open Long,2026-02-20 16:00:00,Long,620.12,619.1836,631.2164,10.522331,6525.11,103.48,1.79,103.48,1.79,0.0,0.0,-3027.95,-30.28
179,Close Long,2026-02-21 11:00:00,Take-Profit,631.2164,619.1836,631.2164,10.522331,6525.11,103.48,1.79,103.48,1.79,0.0,0.0,-3027.95,-30.28
180,Open Long,2026-02-21 14:00:00,Long,632.98,629.2354,639.2211,10.463855,6623.41,-52.35,-0.59,0.0,0.0,52.35,0.59,-3080.3,-30.8
180,Close Long,2026-02-21 15:00:00,Stop-Loss,629.2354,629.2354,639.2211,10.463855,6623.41,-52.35,-0.59,0.0,0.0,52.35,0.59,-3080.3,-30.8
181,Open Long,2026-02-25 12:00:00,Long,611.04,613.6466,624.715,10.758177,6573.68,133.68,2.24,133.68,2.24,0.0,0.0,-2946.62,-29.47
181,Close Long,2026-02-25 16:00:00,Take-Profit,624.715,613.6466,624.715,10.758177,6573.68,133.68,2.24,133.68,2.24,0.0,0.0,-2946.62,-29.47
182,Open Long,2026-03-02 14:00:00,Long,634.29,637.0882,648.7364,10.564047,6700.67,16.1,0.44,16.1,0.44,0.0,0.0,-2930.52,-29.31
182,Close Long,2026-03-02 15:00:00,Trailing-SL (Profit),637.0882,637.0882,648.7364,10.564047,6700.67,16.1,0.44,16.1,0.44,0.0,0.0,-2930.52,-29.31
183,Open Long,2026-03-02 16:00:00,Long,649.56,639.8314,665.7743,10.339251,6715.96,-113.82,-1.5,0.0,0.0,113.82,1.5,-3044.34,-30.44
183,Close Long,2026-03-02 18:00:00,Stop-Loss,639.8314,639.8314,665.7743,10.339251,6715.96,-113.82,-1.5,0.0,0.0,113.82,1.5,-3044.34,-30.44
184,Open Long,2026-03-04 08:00:00,Long,651.36,653.1014,665.0725,10.144679,6607.84,125.62,2.11,125.62,2.11,0.0,0.0,-2918.72,-29.19
184,Close Long,2026-03-04 19:00:00,Take-Profit,665.0725,653.1014,665.0725,10.144679,6607.84,125.62,2.11,125.62,2.11,0.0,0.0,-2918.72,-29.19
185,Open Long,2026-03-09 13:00:00,Long,636.43,638.8326,651.6871,10.570168,6727.17,11.89,0.38,11.89,0.38,0.0,0.0,-2906.83,-29.07
185,Close Long,2026-03-10 14:00:00,Trailing-SL (Profit),638.8326,638.8326,651.6871,10.570168,6727.17,11.89,0.38,11.89,0.38,0.0,0.0,-2906.83,-29.07
186,Open Long,2026-03-13 08:00:00,Long,665.93,665.9982,677.1407,10.118884,6738.47,99.74,1.68,99.74,1.68,0.0,0.0,-2807.09,-28.07
186,Close Long,2026-03-13 13:00:00,Take-Profit,677.1407,665.9982,677.1407,10.118884,6738.47,99.74,1.68,99.74,1.68,0.0,0.0,-2807.09,-28.07
187,Open Long,2026-03-15 08:00:00,Long,664.23,660.3279,670.7336,10.287427,6833.22,-53.73,-0.59,0.0,0.0,53.73,0.59,-2860.82,-28.61
187,Close Long,2026-03-15 11:00:00,Stop-Loss,660.3279,660.3279,670.7336,10.287427,6833.22,-53.73,-0.59,0.0,0.0,53.73,0.59,-2860.82,-28.61
188,Open Long,2026-03-15 22:00:00,Long,676.84,672.6916,687.7525,10.020352,6782.18,-55.05,-0.61,0.0,0.0,55.05,0.61,-2915.87,-29.16
188,Close Long,2026-03-16 03:00:00,Stop-Loss,672.6916,672.6916,687.7525,10.020352,6782.18,-55.05,-0.61,0.0,0.0,55.05,0.61,-2915.87,-29.16
189,Open Long,2026-03-16 04:00:00,Long,683.72,674.2261,699.5432,9.843032,6729.88,-106.72,-1.39,0.0,0.0,106.72,1.39,-3022.59,-30.23
189,Close Long,2026-03-16 08:00:00,Stop-Loss,674.2261,674.2261,699.5432,9.843032,6729.88,-106.72,-1.39,0.0,0.0,106.72,1.39,-3022.59,-30.23
190,Open Long,2026-03-25 09:00:00,Long,649.23,643.8396,658.2139,10.209775,6628.49,-68.18,-0.83,0.0,0.0,68.18,0.83,-3090.77,-30.91
190,Close Long,2026-03-25 15:00:00,Stop-Loss,643.8396,643.8396,658.2139,10.209775,6628.49,-68.18,-0.83,0.0,0.0,68.18,0.83,-3090.77,-30.91
