Strategy,Symbol,Timeframe,Total Trades,Wins,Losses,Win Rate %,Total PnL,ROI %,Max DD %,Final Capital,CSV File
Golden_Cross_Pro,BNBUSDT,4h,24,4,20,16.7,925.55,9.26,16.2,10925.54,Golden_Cross_Pro_4h_BINANCE_BNBUSDT_2026-03-26.csv
EMA_Break_Momentum,BNBUSDT,4h,144,45,99,31.2,491.04,4.91,40.79,10491.06,EMA_Break_Momentum_4h_BINANCE_BNBUSDT_2026-03-26.csv
Volume_Stochastic_MACD,BNBUSDT,4h,4,2,2,50.0,-151.8,-1.52,2.31,9848.19,Volume_Stochastic_MACD_4h_BINANCE_BNBUSDT_2026-03-26.csv
Breakout_Volume_ADX,BNBUSDT,4h,222,94,128,42.3,12935.4,129.35,20.04,22935.35,Breakout_Volume_ADX_4h_BINANCE_BNBUSDT_2026-03-26.csv
EMA_Cloud_Strength,BNBUSDT,4h,933,302,631,32.4,-8097.7,-80.98,91.93,1902.22,EMA_Cloud_Strength_4h_BINANCE_BNBUSDT_2026-03-26.csv
Reversed_BarUpDn,BNBUSDT,4h,1639,524,1115,32.0,-9397.52,-93.98,98.4,602.49,Reversed_BarUpDn_4h_BINANCE_BNBUSDT_2026-03-26.csv
Reverse_Liquidity_Trap,BNBUSDT,4h,1683,515,1168,30.6,-9792.0,-97.92,99.17,207.92,Reverse_Liquidity_Trap_4h_BINANCE_BNBUSDT_2026-03-26.csv
Machine_Learning_Lorentzian,BNBUSDT,4h,85,28,57,32.9,-2957.05,-29.57,29.57,7042.96,Machine_Learning_Lorentzian_4h_BINANCE_BNBUSDT_2026-03-26.csv
Mean_Reversion_Scalper,BNBUSDT,4h,95,32,63,33.7,-3205.42,-32.05,32.15,6794.61,Mean_Reversion_Scalper_4h_BINANCE_BNBUSDT_2026-03-26.csv
RSI_Divergence,BNBUSDT,4h,5,2,3,40.0,164.94,1.65,1.11,10164.92,RSI_Divergence_4h_BINANCE_BNBUSDT_2026-03-26.csv
MACD_Histogram_Reversal,BNBUSDT,4h,129,48,81,37.2,658.68,6.59,29.01,10658.69,MACD_Histogram_Reversal_4h_BINANCE_BNBUSDT_2026-03-26.csv
Stochastic_RSI_Cross,BNBUSDT,4h,212,66,146,31.1,-5985.78,-59.86,60.94,4014.25,Stochastic_RSI_Cross_4h_BINANCE_BNBUSDT_2026-03-26.csv
EMA_Ribbon,BNBUSDT,4h,914,298,616,32.6,-7525.83,-75.26,90.56,2474.16,EMA_Ribbon_4h_BINANCE_BNBUSDT_2026-03-26.csv
Supertrend_ADX,BNBUSDT,4h,24,10,14,41.7,182.86,1.83,5.3,10182.87,Supertrend_ADX_4h_BINANCE_BNBUSDT_2026-03-26.csv
Keltner_Channel_Breakout,BNBUSDT,4h,207,87,120,42.0,21714.08,217.14,13.47,31714.19,Keltner_Channel_Breakout_4h_BINANCE_BNBUSDT_2026-03-26.csv
Golden_Cross_Pro,BNBUSDT,1h,35,11,24,31.4,-1064.08,-10.64,11.43,8935.93,Golden_Cross_Pro_1h_BINANCE_BNBUSDT_2026-03-26.csv
EMA_Break_Momentum,BNBUSDT,1h,172,62,110,36.0,-3348.29,-33.48,33.48,6651.74,EMA_Break_Momentum_1h_BINANCE_BNBUSDT_2026-03-26.csv
Volume_Stochastic_MACD,BNBUSDT,1h,7,3,4,42.9,256.11,2.56,2.45,10256.13,Volume_Stochastic_MACD_1h_BINANCE_BNBUSDT_2026-03-26.csv
Breakout_Volume_ADX,BNBUSDT,1h,197,62,135,31.5,-3034.34,-30.34,34.11,6965.62,Breakout_Volume_ADX_1h_BINANCE_BNBUSDT_2026-03-26.csv
EMA_Cloud_Strength,BNBUSDT,1h,504,158,346,31.3,-7274.71,-72.75,72.75,2725.23,EMA_Cloud_Strength_1h_BINANCE_BNBUSDT_2026-03-26.csv
Reversed_BarUpDn,BNBUSDT,1h,882,294,588,33.3,-8414.27,-84.14,84.14,1585.72,Reversed_BarUpDn_1h_BINANCE_BNBUSDT_2026-03-26.csv
Reverse_Liquidity_Trap,BNBUSDT,1h,904,290,614,32.1,-8842.09,-88.42,88.6,1157.99,Reverse_Liquidity_Trap_1h_BINANCE_BNBUSDT_2026-03-26.csv
Machine_Learning_Lorentzian,BNBUSDT,1h,130,41,89,31.5,-3134.14,-31.34,31.9,6865.91,Machine_Learning_Lorentzian_1h_BINANCE_BNBUSDT_2026-03-26.csv
Mean_Reversion_Scalper,BNBUSDT,1h,132,42,90,31.8,-3536.61,-35.37,35.37,6463.39,Mean_Reversion_Scalper_1h_BINANCE_BNBUSDT_2026-03-26.csv
RSI_Divergence,BNBUSDT,1h,9,5,4,55.6,92.73,0.93,2.17,10092.74,RSI_Divergence_1h_BINANCE_BNBUSDT_2026-03-26.csv
MACD_Histogram_Reversal,BNBUSDT,1h,149,58,91,38.9,-1388.19,-13.88,20.75,8611.78,MACD_Histogram_Reversal_1h_BINANCE_BNBUSDT_2026-03-26.csv
Stochastic_RSI_Cross,BNBUSDT,1h,220,77,143,35.0,-4655.25,-46.55,46.55,5344.75,Stochastic_RSI_Cross_1h_BINANCE_BNBUSDT_2026-03-26.csv
EMA_Ribbon,BNBUSDT,1h,493,160,333,32.5,-6598.98,-65.99,65.99,3401.05,EMA_Ribbon_1h_BINANCE_BNBUSDT_2026-03-26.csv
Supertrend_ADX,BNBUSDT,1h,30,13,17,43.3,-375.02,-3.75,8.01,9624.99,Supertrend_ADX_1h_BINANCE_BNBUSDT_2026-03-26.csv
Keltner_Channel_Breakout,BNBUSDT,1h,190,70,120,36.8,-3090.77,-30.91,42.61,6909.18,Keltner_Channel_Breakout_1h_BINANCE_BNBUSDT_2026-03-26.csv
Golden_Cross_Pro,SOLUSDT,4h,14,6,8,42.9,2384.66,23.85,5.24,12384.67,Golden_Cross_Pro_4h_BINANCE_SOLUSDT_2026-03-26.csv
EMA_Break_Momentum,SOLUSDT,4h,79,17,62,21.5,-4308.52,-43.09,48.63,5691.45,EMA_Break_Momentum_4h_BINANCE_SOLUSDT_2026-03-26.csv
Volume_Stochastic_MACD,SOLUSDT,4h,3,1,2,33.3,39.13,0.39,1.75,10039.12,Volume_Stochastic_MACD_4h_BINANCE_SOLUSDT_2026-03-26.csv
Breakout_Volume_ADX,SOLUSDT,4h,102,39,63,38.2,106.47,1.06,14.5,10106.47,Breakout_Volume_ADX_4h_BINANCE_SOLUSDT_2026-03-26.csv
EMA_Cloud_Strength,SOLUSDT,4h,585,208,377,35.6,-4953.69,-49.54,54.9,5046.21,EMA_Cloud_Strength_4h_BINANCE_SOLUSDT_2026-03-26.csv
Reversed_BarUpDn,SOLUSDT,4h,1003,335,668,33.4,-8922.84,-89.23,89.69,1077.24,Reversed_BarUpDn_4h_BINANCE_SOLUSDT_2026-03-26.csv
Reverse_Liquidity_Trap,SOLUSDT,4h,1044,345,699,33.0,-8958.51,-89.58,89.58,1041.51,Reverse_Liquidity_Trap_4h_BINANCE_SOLUSDT_2026-03-26.csv
Machine_Learning_Lorentzian,SOLUSDT,4h,45,12,33,26.7,-2566.63,-25.67,25.93,7433.36,Machine_Learning_Lorentzian_4h_BINANCE_SOLUSDT_2026-03-26.csv
Mean_Reversion_Scalper,SOLUSDT,4h,47,14,33,29.8,-2676.6,-26.77,26.77,7323.4,Mean_Reversion_Scalper_4h_BINANCE_SOLUSDT_2026-03-26.csv
RSI_Divergence,SOLUSDT,4h,3,2,1,66.7,204.74,2.05,0.38,10204.74,RSI_Divergence_4h_BINANCE_SOLUSDT_2026-03-26.csv
MACD_Histogram_Reversal,SOLUSDT,4h,66,19,47,28.8,-2252.21,-22.52,33.2,7747.75,MACD_Histogram_Reversal_4h_BINANCE_SOLUSDT_2026-03-26.csv
Stochastic_RSI_Cross,SOLUSDT,4h,122,43,79,35.2,-3375.09,-33.75,36.77,6624.91,Stochastic_RSI_Cross_4h_BINANCE_SOLUSDT_2026-03-26.csv
EMA_Ribbon,SOLUSDT,4h,589,216,373,36.7,-2268.14,-22.68,48.39,7731.78,EMA_Ribbon_4h_BINANCE_SOLUSDT_2026-03-26.csv
Supertrend_ADX,SOLUSDT,4h,13,4,9,30.8,-186.25,-1.86,4.39,9813.76,Supertrend_ADX_4h_BINANCE_SOLUSDT_2026-03-26.csv
Keltner_Channel_Breakout,SOLUSDT,4h,113,49,64,43.4,3302.35,33.02,12.35,13302.32,Keltner_Channel_Breakout_4h_BINANCE_SOLUSDT_2026-03-26.csv
Golden_Cross_Pro,SOLUSDT,1h,56,14,42,25.0,-2508.88,-25.09,29.63,7491.13,Golden_Cross_Pro_1h_BINANCE_SOLUSDT_2026-03-26.csv
EMA_Break_Momentum,SOLUSDT,1h,271,77,194,28.4,-6999.84,-70.0,71.85,3000.09,EMA_Break_Momentum_1h_BINANCE_SOLUSDT_2026-03-26.csv
Volume_Stochastic_MACD,SOLUSDT,1h,9,1,8,11.1,-909.62,-9.1,9.1,9090.38,Volume_Stochastic_MACD_1h_BINANCE_SOLUSDT_2026-03-26.csv
Breakout_Volume_ADX,SOLUSDT,1h,424,120,304,28.3,-7439.75,-74.4,76.77,2560.15,Breakout_Volume_ADX_1h_BINANCE_SOLUSDT_2026-03-26.csv
EMA_Cloud_Strength,SOLUSDT,1h,1395,423,972,30.3,-9965.24,-99.65,99.7,34.71,EMA_Cloud_Strength_1h_BINANCE_SOLUSDT_2026-03-26.csv
Reversed_BarUpDn,SOLUSDT,1h,2275,638,1637,28.0,-9999.13,-99.99,99.99,0.76,Reversed_BarUpDn_1h_BINANCE_SOLUSDT_2026-03-26.csv
Reverse_Liquidity_Trap,SOLUSDT,1h,2338,659,1679,28.2,-9999.31,-99.99,99.99,0.58,Reverse_Liquidity_Trap_1h_BINANCE_SOLUSDT_2026-03-26.csv
Machine_Learning_Lorentzian,SOLUSDT,1h,205,66,139,32.2,-5270.93,-52.71,53.53,4729.03,Machine_Learning_Lorentzian_1h_BINANCE_SOLUSDT_2026-03-26.csv
Mean_Reversion_Scalper,SOLUSDT,1h,214,62,152,29.0,-5922.28,-59.22,60.02,4077.74,Mean_Reversion_Scalper_1h_BINANCE_SOLUSDT_2026-03-26.csv
RSI_Divergence,SOLUSDT,1h,12,4,8,33.3,-338.49,-3.38,5.32,9661.51,RSI_Divergence_1h_BINANCE_SOLUSDT_2026-03-26.csv
MACD_Histogram_Reversal,SOLUSDT,1h,285,91,194,31.9,-5082.2,-50.82,56.88,4917.78,MACD_Histogram_Reversal_1h_BINANCE_SOLUSDT_2026-03-26.csv
Stochastic_RSI_Cross,SOLUSDT,1h,394,125,269,31.7,-8075.87,-80.76,80.89,1924.21,Stochastic_RSI_Cross_1h_BINANCE_SOLUSDT_2026-03-26.csv
EMA_Ribbon,SOLUSDT,1h,1407,424,983,30.1,-9967.86,-99.68,99.72,32.2,EMA_Ribbon_1h_BINANCE_SOLUSDT_2026-03-26.csv
Supertrend_ADX,SOLUSDT,1h,43,14,29,32.6,-1796.58,-17.97,23.76,8203.43,Supertrend_ADX_1h_BINANCE_SOLUSDT_2026-03-26.csv
Keltner_Channel_Breakout,SOLUSDT,1h,399,131,268,32.8,-4743.87,-47.44,48.2,5256.05,Keltner_Channel_Breakout_1h_BINANCE_SOLUSDT_2026-03-26.csv
Golden_Cross_Pro,ADAUSDT,4h,26,13,13,50.0,74.0,0.74,7.54,10073.98,Golden_Cross_Pro_4h_BINANCE_ADAUSDT_2026-03-26.csv
EMA_Break_Momentum,ADAUSDT,4h,140,43,97,30.7,-2898.75,-28.99,30.73,7101.27,EMA_Break_Momentum_4h_BINANCE_ADAUSDT_2026-03-26.csv
Volume_Stochastic_MACD,ADAUSDT,4h,6,2,4,33.3,-451.36,-4.51,4.51,9548.64,Volume_Stochastic_MACD_4h_BINANCE_ADAUSDT_2026-03-26.csv
Breakout_Volume_ADX,ADAUSDT,4h,199,84,115,42.2,21253.44,212.53,18.02,31253.4,Breakout_Volume_ADX_4h_BINANCE_ADAUSDT_2026-03-26.csv
EMA_Cloud_Strength,ADAUSDT,4h,1145,388,757,33.9,-7080.51,-70.8,90.25,2919.53,EMA_Cloud_Strength_4h_BINANCE_ADAUSDT_2026-03-26.csv
Reversed_BarUpDn,ADAUSDT,4h,2024,668,1356,33.0,-9334.68,-93.35,97.66,664.98,Reversed_BarUpDn_4h_BINANCE_ADAUSDT_2026-03-26.csv
Reverse_Liquidity_Trap,ADAUSDT,4h,2109,681,1428,32.3,-9665.65,-96.66,99.12,334.4,Reverse_Liquidity_Trap_4h_BINANCE_ADAUSDT_2026-03-26.csv
Machine_Learning_Lorentzian,ADAUSDT,4h,129,31,98,24.0,-5625.88,-56.26,56.26,4374.12,Machine_Learning_Lorentzian_4h_BINANCE_ADAUSDT_2026-03-26.csv
Mean_Reversion_Scalper,ADAUSDT,4h,135,33,102,24.4,-5430.39,-54.3,54.3,4569.58,Mean_Reversion_Scalper_4h_BINANCE_ADAUSDT_2026-03-26.csv
RSI_Divergence,ADAUSDT,4h,3,1,2,33.3,-112.85,-1.13,1.49,9887.16,RSI_Divergence_4h_BINANCE_ADAUSDT_2026-03-26.csv
MACD_Histogram_Reversal,ADAUSDT,4h,113,40,73,35.4,4462.45,44.62,20.7,14462.44,MACD_Histogram_Reversal_4h_BINANCE_ADAUSDT_2026-03-26.csv
Stochastic_RSI_Cross,ADAUSDT,4h,236,67,169,28.4,-6297.67,-62.98,63.91,3702.27,Stochastic_RSI_Cross_4h_BINANCE_ADAUSDT_2026-03-26.csv
EMA_Ribbon,ADAUSDT,4h,1173,398,775,33.9,-7637.93,-76.38,90.08,2362.11,EMA_Ribbon_4h_BINANCE_ADAUSDT_2026-03-26.csv
Supertrend_ADX,ADAUSDT,4h,21,9,12,42.9,1209.26,12.09,3.07,11209.26,Supertrend_ADX_4h_BINANCE_ADAUSDT_2026-03-26.csv
Keltner_Channel_Breakout,ADAUSDT,4h,196,85,111,43.4,70382.66,703.83,13.64,80382.59,Keltner_Channel_Breakout_4h_BINANCE_ADAUSDT_2026-03-26.csv
Golden_Cross_Pro,ADAUSDT,1h,31,9,22,29.0,53.82,0.54,12.45,10053.84,Golden_Cross_Pro_1h_BINANCE_ADAUSDT_2026-03-26.csv
EMA_Break_Momentum,ADAUSDT,1h,170,66,104,38.8,-2908.68,-29.09,32.31,7091.31,EMA_Break_Momentum_1h_BINANCE_ADAUSDT_2026-03-26.csv
Volume_Stochastic_MACD,ADAUSDT,1h,7,1,6,14.3,-432.12,-4.32,4.52,9567.88,Volume_Stochastic_MACD_1h_BINANCE_ADAUSDT_2026-03-26.csv
Breakout_Volume_ADX,ADAUSDT,1h,175,54,121,30.9,-4589.58,-45.9,46.09,5410.4,Breakout_Volume_ADX_1h_BINANCE_ADAUSDT_2026-03-26.csv
EMA_Cloud_Strength,ADAUSDT,1h,668,206,462,30.8,-9226.8,-92.27,92.66,773.32,EMA_Cloud_Strength_1h_BINANCE_ADAUSDT_2026-03-26.csv
Reversed_BarUpDn,ADAUSDT,1h,1216,367,849,30.2,-9956.62,-99.57,99.57,43.49,Reversed_BarUpDn_1h_BINANCE_ADAUSDT_2026-03-26.csv
Reverse_Liquidity_Trap,ADAUSDT,1h,1240,372,868,30.0,-9957.42,-99.57,99.57,42.72,Reverse_Liquidity_Trap_1h_BINANCE_ADAUSDT_2026-03-26.csv
Machine_Learning_Lorentzian,ADAUSDT,1h,152,51,101,33.6,-4191.64,-41.92,42.42,5808.37,Machine_Learning_Lorentzian_1h_BINANCE_ADAUSDT_2026-03-26.csv
Mean_Reversion_Scalper,ADAUSDT,1h,154,52,102,33.8,-3652.65,-36.53,39.39,6347.33,Mean_Reversion_Scalper_1h_BINANCE_ADAUSDT_2026-03-26.csv
RSI_Divergence,ADAUSDT,1h,5,1,4,20.0,-299.22,-2.99,3.63,9700.78,RSI_Divergence_1h_BINANCE_ADAUSDT_2026-03-26.csv
MACD_Histogram_Reversal,ADAUSDT,1h,138,43,95,31.2,-4130.96,-41.31,41.31,5869.1,MACD_Histogram_Reversal_1h_BINANCE_ADAUSDT_2026-03-26.csv
Stochastic_RSI_Cross,ADAUSDT,1h,251,82,169,32.7,-5879.01,-58.79,63.53,4120.96,Stochastic_RSI_Cross_1h_BINANCE_ADAUSDT_2026-03-26.csv
EMA_Ribbon,ADAUSDT,1h,658,214,444,32.5,-9180.32,-91.8,92.48,819.66,EMA_Ribbon_1h_BINANCE_ADAUSDT_2026-03-26.csv
Supertrend_ADX,ADAUSDT,1h,12,4,8,33.3,-464.33,-4.64,5.98,9535.67,Supertrend_ADX_1h_BINANCE_ADAUSDT_2026-03-26.csv
Keltner_Channel_Breakout,ADAUSDT,1h,187,59,128,31.6,-3326.2,-33.26,39.84,6673.74,Keltner_Channel_Breakout_1h_BINANCE_ADAUSDT_2026-03-26.csv
Golden_Cross_Pro,BTCUSDT,4h,11,7,4,63.6,613.53,6.14,0.4,10613.55,Golden_Cross_Pro_4h_BINANCE_BTCUSDT_2026-03-26.csv
EMA_Break_Momentum,BTCUSDT,4h,84,26,58,31.0,-3275.55,-32.76,33.41,6724.43,EMA_Break_Momentum_4h_BINANCE_BTCUSDT_2026-03-26.csv
Volume_Stochastic_MACD,BTCUSDT,4h,5,2,3,40.0,116.04,1.16,1.71,10116.05,Volume_Stochastic_MACD_4h_BINANCE_BTCUSDT_2026-03-26.csv
Breakout_Volume_ADX,BTCUSDT,4h,129,43,86,33.3,-2795.45,-27.95,28.95,7204.59,Breakout_Volume_ADX_4h_BINANCE_BTCUSDT_2026-03-26.csv
EMA_Cloud_Strength,BTCUSDT,4h,370,124,246,33.5,-7895.33,-78.95,79.28,2104.68,EMA_Cloud_Strength_4h_BINANCE_BTCUSDT_2026-03-26.csv
Reversed_BarUpDn,BTCUSDT,4h,633,187,446,29.5,-9471.5,-94.72,94.88,528.48,Reversed_BarUpDn_4h_BINANCE_BTCUSDT_2026-03-26.csv
Reverse_Liquidity_Trap,BTCUSDT,4h,644,203,441,31.5,-9233.61,-92.34,92.67,766.46,Reverse_Liquidity_Trap_4h_BINANCE_BTCUSDT_2026-03-26.csv
Machine_Learning_Lorentzian,BTCUSDT,4h,55,19,36,34.5,-1071.46,-10.71,17.44,8928.53,Machine_Learning_Lorentzian_4h_BINANCE_BTCUSDT_2026-03-26.csv
Mean_Reversion_Scalper,BTCUSDT,4h,61,17,44,27.9,-2326.93,-23.27,27.21,7673.1,Mean_Reversion_Scalper_4h_BINANCE_BTCUSDT_2026-03-26.csv
RSI_Divergence,BTCUSDT,4h,3,1,2,33.3,-69.07,-0.69,1.63,9930.94,RSI_Divergence_4h_BINANCE_BTCUSDT_2026-03-26.csv
MACD_Histogram_Reversal,BTCUSDT,4h,74,18,56,24.3,-3724.74,-37.25,38.97,6275.24,MACD_Histogram_Reversal_4h_BINANCE_BTCUSDT_2026-03-26.csv
Stochastic_RSI_Cross,BTCUSDT,4h,102,36,66,35.3,-3356.54,-33.57,37.71,6643.48,Stochastic_RSI_Cross_4h_BINANCE_BTCUSDT_2026-03-26.csv
EMA_Ribbon,BTCUSDT,4h,381,113,268,29.7,-8376.82,-83.77,84.4,1623.17,EMA_Ribbon_4h_BINANCE_BTCUSDT_2026-03-26.csv
Supertrend_ADX,BTCUSDT,4h,19,7,12,36.8,667.95,6.68,6.86,10667.95,Supertrend_ADX_4h_BINANCE_BTCUSDT_2026-03-26.csv
Keltner_Channel_Breakout,BTCUSDT,4h,122,40,82,32.8,-2504.01,-25.04,27.02,7495.95,Keltner_Channel_Breakout_4h_BINANCE_BTCUSDT_2026-03-26.csv
Golden_Cross_Pro,BTCUSDT,1h,67,27,40,40.3,601.43,6.01,11.42,10601.42,Golden_Cross_Pro_1h_BINANCE_BTCUSDT_2026-03-26.csv
Ultimate_Entry,BTCUSDT,1h,1,0,1,0.0,-106.76,-1.07,1.07,9893.24,Ultimate_Entry_1h_BINANCE_BTCUSDT_2026-03-26.csv
EMA_Break_Momentum,BTCUSDT,1h,283,96,187,33.9,-5160.97,-51.61,51.78,4839.03,EMA_Break_Momentum_1h_BINANCE_BTCUSDT_2026-03-26.csv
Volume_Stochastic_MACD,BTCUSDT,1h,10,6,4,60.0,478.76,4.79,1.03,10478.76,Volume_Stochastic_MACD_1h_BINANCE_BTCUSDT_2026-03-26.csv
Breakout_Volume_ADX,BTCUSDT,1h,440,159,281,36.1,-5796.03,-57.96,61.08,4203.97,Breakout_Volume_ADX_1h_BINANCE_BTCUSDT_2026-03-26.csv
EMA_Cloud_Strength,BTCUSDT,1h,886,298,588,33.6,-9327.44,-93.27,93.27,672.51,EMA_Cloud_Strength_1h_BINANCE_BTCUSDT_2026-03-26.csv
Reversed_BarUpDn,BTCUSDT,1h,1423,479,944,33.7,-9825.52,-98.26,98.32,174.41,Reversed_BarUpDn_1h_BINANCE_BTCUSDT_2026-03-26.csv
Reverse_Liquidity_Trap,BTCUSDT,1h,1448,494,954,34.1,-9804.13,-98.04,98.19,195.95,Reverse_Liquidity_Trap_1h_BINANCE_BTCUSDT_2026-03-26.csv
Machine_Learning_Lorentzian,BTCUSDT,1h,215,82,133,38.1,-3610.44,-36.1,37.27,6389.56,Machine_Learning_Lorentzian_1h_BINANCE_BTCUSDT_2026-03-26.csv
Mean_Reversion_Scalper,BTCUSDT,1h,224,84,140,37.5,-4007.69,-40.08,41.25,5992.35,Mean_Reversion_Scalper_1h_BINANCE_BTCUSDT_2026-03-26.csv
RSI_Divergence,BTCUSDT,1h,26,6,20,23.1,-806.52,-8.07,9.36,9193.49,RSI_Divergence_1h_BINANCE_BTCUSDT_2026-03-26.csv
MACD_Histogram_Reversal,BTCUSDT,1h,308,109,199,35.4,-4923.55,-49.24,49.81,5076.49,MACD_Histogram_Reversal_1h_BINANCE_BTCUSDT_2026-03-26.csv
Stochastic_RSI_Cross,BTCUSDT,1h,383,135,248,35.2,-6164.76,-61.65,63.75,3835.17,Stochastic_RSI_Cross_1h_BINANCE_BTCUSDT_2026-03-26.csv
EMA_Ribbon,BTCUSDT,1h,836,296,540,35.4,-8919.85,-89.2,89.2,1080.14,EMA_Ribbon_1h_BINANCE_BTCUSDT_2026-03-26.csv
Supertrend_ADX,BTCUSDT,1h,70,29,41,41.4,726.78,7.27,7.68,10726.82,Supertrend_ADX_1h_BINANCE_BTCUSDT_2026-03-26.csv
Keltner_Channel_Breakout,BTCUSDT,1h,408,144,264,35.3,-5105.77,-51.06,52.88,4894.19,Keltner_Channel_Breakout_1h_BINANCE_BTCUSDT_2026-03-26.csv
Golden_Cross_Pro,LINKUSDT,4h,29,10,19,34.5,-740.68,-7.41,10.84,9259.32,Golden_Cross_Pro_4h_BINANCE_LINKUSDT_2026-03-26.csv
EMA_Break_Momentum,LINKUSDT,4h,157,50,107,31.8,-4636.2,-46.36,47.04,5363.84,EMA_Break_Momentum_4h_BINANCE_LINKUSDT_2026-03-26.csv
Volume_Stochastic_MACD,LINKUSDT,4h,5,2,3,40.0,-126.35,-1.26,1.73,9873.66,Volume_Stochastic_MACD_4h_BINANCE_LINKUSDT_2026-03-26.csv
Breakout_Volume_ADX,LINKUSDT,4h,176,92,84,52.3,55952.38,559.52,18.07,65952.38,Breakout_Volume_ADX_4h_BINANCE_LINKUSDT_2026-03-26.csv
EMA_Cloud_Strength,LINKUSDT,4h,1199,425,774,35.4,547.33,5.47,90.68,10547.39,EMA_Cloud_Strength_4h_BINANCE_LINKUSDT_2026-03-26.csv
Reversed_BarUpDn,LINKUSDT,4h,2153,772,1381,35.9,-6944.56,-69.45,98.38,3055.33,Reversed_BarUpDn_4h_BINANCE_LINKUSDT_2026-03-26.csv
Reverse_Liquidity_Trap,LINKUSDT,4h,2210,796,1414,36.0,-7430.62,-74.3,98.31,2569.65,Reverse_Liquidity_Trap_4h_BINANCE_LINKUSDT_2026-03-26.csv
Machine_Learning_Lorentzian,LINKUSDT,4h,117,37,80,31.6,-3293.24,-32.93,33.38,6706.75,Machine_Learning_Lorentzian_4h_BINANCE_LINKUSDT_2026-03-26.csv
Mean_Reversion_Scalper,LINKUSDT,4h,135,44,91,32.6,-4318.54,-43.19,44.06,5681.48,Mean_Reversion_Scalper_4h_BINANCE_LINKUSDT_2026-03-26.csv
RSI_Divergence,LINKUSDT,4h,4,2,2,50.0,-70.67,-0.71,1.52,9929.34,RSI_Divergence_4h_BINANCE_LINKUSDT_2026-03-26.csv
MACD_Histogram_Reversal,LINKUSDT,4h,122,51,71,41.8,15528.01,155.28,19.01,25528.05,MACD_Histogram_Reversal_4h_BINANCE_LINKUSDT_2026-03-26.csv
Stochastic_RSI_Cross,LINKUSDT,4h,212,86,126,40.6,-333.79,-3.34,44.81,9666.2,Stochastic_RSI_Cross_4h_BINANCE_LINKUSDT_2026-03-26.csv
EMA_Ribbon,LINKUSDT,4h,1231,438,793,35.6,-1069.17,-10.69,88.6,8930.72,EMA_Ribbon_4h_BINANCE_LINKUSDT_2026-03-26.csv
Supertrend_ADX,LINKUSDT,4h,19,11,8,57.9,1209.5,12.1,2.99,11209.5,Supertrend_ADX_4h_BINANCE_LINKUSDT_2026-03-26.csv
Keltner_Channel_Breakout,LINKUSDT,4h,198,93,105,47.0,28585.72,285.86,16.49,38585.69,Keltner_Channel_Breakout_4h_BINANCE_LINKUSDT_2026-03-26.csv
Golden_Cross_Pro,LINKUSDT,1h,29,12,17,41.4,-453.12,-4.53,9.39,9546.89,Golden_Cross_Pro_1h_BINANCE_LINKUSDT_2026-03-26.csv
EMA_Break_Momentum,LINKUSDT,1h,157,45,112,28.7,-4452.53,-44.53,44.82,5547.4,EMA_Break_Momentum_1h_BINANCE_LINKUSDT_2026-03-26.csv
Volume_Stochastic_MACD,LINKUSDT,1h,5,3,2,60.0,222.89,2.23,2.27,10222.89,Volume_Stochastic_MACD_1h_BINANCE_LINKUSDT_2026-03-26.csv
Breakout_Volume_ADX,LINKUSDT,1h,162,54,108,33.3,1112.4,11.12,22.1,11112.4,Breakout_Volume_ADX_1h_BINANCE_LINKUSDT_2026-03-26.csv
EMA_Cloud_Strength,LINKUSDT,1h,631,192,439,30.4,-8808.64,-88.09,88.5,1191.45,EMA_Cloud_Strength_1h_BINANCE_LINKUSDT_2026-03-26.csv
Reversed_BarUpDn,LINKUSDT,1h,1174,349,825,29.7,-9815.99,-98.16,98.19,184.1,Reversed_BarUpDn_1h_BINANCE_LINKUSDT_2026-03-26.csv
Reverse_Liquidity_Trap,LINKUSDT,1h,1193,356,837,29.8,-9856.32,-98.56,98.56,143.74,Reverse_Liquidity_Trap_1h_BINANCE_LINKUSDT_2026-03-26.csv
Machine_Learning_Lorentzian,LINKUSDT,1h,122,40,82,32.8,-2863.44,-28.63,33.17,7136.55,Machine_Learning_Lorentzian_1h_BINANCE_LINKUSDT_2026-03-26.csv
Mean_Reversion_Scalper,LINKUSDT,1h,131,46,85,35.1,-2758.47,-27.59,35.87,7241.49,Mean_Reversion_Scalper_1h_BINANCE_LINKUSDT_2026-03-26.csv
RSI_Divergence,LINKUSDT,1h,4,2,2,50.0,-185.83,-1.86,2.07,9814.17,RSI_Divergence_1h_BINANCE_LINKUSDT_2026-03-26.csv
MACD_Histogram_Reversal,LINKUSDT,1h,139,39,100,28.1,-4791.15,-47.91,48.01,5208.86,MACD_Histogram_Reversal_1h_BINANCE_LINKUSDT_2026-03-26.csv
Stochastic_RSI_Cross,LINKUSDT,1h,232,61,171,26.3,-6727.45,-67.27,67.62,3272.54,Stochastic_RSI_Cross_1h_BINANCE_LINKUSDT_2026-03-26.csv
EMA_Ribbon,LINKUSDT,1h,661,203,458,30.7,-8724.47,-87.24,87.64,1275.52,EMA_Ribbon_1h_BINANCE_LINKUSDT_2026-03-26.csv
Supertrend_ADX,LINKUSDT,1h,18,6,12,33.3,518.24,5.18,5.01,10518.24,Supertrend_ADX_1h_BINANCE_LINKUSDT_2026-03-26.csv
Keltner_Channel_Breakout,LINKUSDT,1h,175,57,118,32.6,2789.27,27.89,19.19,12789.3,Keltner_Channel_Breakout_1h_BINANCE_LINKUSDT_2026-03-26.csv
Golden_Cross_Pro,ETHUSDT,4h,16,5,11,31.2,12.39,0.12,6.26,10012.39,Golden_Cross_Pro_4h_BINANCE_ETHUSDT_2026-03-26.csv
EMA_Break_Momentum,ETHUSDT,4h,92,20,72,21.7,-3877.95,-38.78,38.78,6122.03,EMA_Break_Momentum_4h_BINANCE_ETHUSDT_2026-03-26.csv
Volume_Stochastic_MACD,ETHUSDT,4h,9,3,6,33.3,-227.59,-2.28,4.79,9772.39,Volume_Stochastic_MACD_4h_BINANCE_ETHUSDT_2026-03-26.csv
Breakout_Volume_ADX,ETHUSDT,4h,114,51,63,44.7,183.16,1.83,10.38,10183.14,Breakout_Volume_ADX_4h_BINANCE_ETHUSDT_2026-03-26.csv
EMA_Cloud_Strength,ETHUSDT,4h,403,125,278,31.0,-6693.53,-66.93,70.25,3306.51,EMA_Cloud_Strength_4h_BINANCE_ETHUSDT_2026-03-26.csv
Reversed_BarUpDn,ETHUSDT,4h,751,234,517,31.2,-9296.69,-92.97,93.11,703.16,Reversed_BarUpDn_4h_BINANCE_ETHUSDT_2026-03-26.csv
Reverse_Liquidity_Trap,ETHUSDT,4h,767,234,533,30.5,-9295.92,-92.96,93.45,703.94,Reverse_Liquidity_Trap_4h_BINANCE_ETHUSDT_2026-03-26.csv
Machine_Learning_Lorentzian,ETHUSDT,4h,59,15,44,25.4,-2993.83,-29.94,29.94,7006.15,Machine_Learning_Lorentzian_4h_BINANCE_ETHUSDT_2026-03-26.csv
Mean_Reversion_Scalper,ETHUSDT,4h,61,14,47,23.0,-3021.8,-30.22,35.0,6978.19,Mean_Reversion_Scalper_4h_BINANCE_ETHUSDT_2026-03-26.csv
RSI_Divergence,ETHUSDT,4h,1,0,1,0.0,-86.51,-0.87,0.87,9913.49,RSI_Divergence_4h_BINANCE_ETHUSDT_2026-03-26.csv
MACD_Histogram_Reversal,ETHUSDT,4h,63,19,44,30.2,-1557.3,-15.57,21.3,8442.67,MACD_Histogram_Reversal_4h_BINANCE_ETHUSDT_2026-03-26.csv
Stochastic_RSI_Cross,ETHUSDT,4h,99,28,71,28.3,-3113.36,-31.13,32.86,6886.66,Stochastic_RSI_Cross_4h_BINANCE_ETHUSDT_2026-03-26.csv
EMA_Ribbon,ETHUSDT,4h,443,141,302,31.8,-7216.66,-72.17,73.33,2783.29,EMA_Ribbon_4h_BINANCE_ETHUSDT_2026-03-26.csv
Supertrend_ADX,ETHUSDT,4h,13,6,7,46.2,148.56,1.49,4.96,10148.56,Supertrend_ADX_4h_BINANCE_ETHUSDT_2026-03-26.csv
Keltner_Channel_Breakout,ETHUSDT,4h,115,53,62,46.1,744.01,7.44,10.6,10744.03,Keltner_Channel_Breakout_4h_BINANCE_ETHUSDT_2026-03-26.csv
Golden_Cross_Pro,ETHUSDT,1h,64,20,44,31.2,-1486.24,-14.86,14.86,8513.76,Golden_Cross_Pro_1h_BINANCE_ETHUSDT_2026-03-26.csv
EMA_Break_Momentum,ETHUSDT,1h,323,111,212,34.4,-5929.43,-59.29,62.19,4070.62,EMA_Break_Momentum_1h_BINANCE_ETHUSDT_2026-03-26.csv
Volume_Stochastic_MACD,ETHUSDT,1h,8,2,6,25.0,-444.63,-4.45,4.45,9555.37,Volume_Stochastic_MACD_1h_BINANCE_ETHUSDT_2026-03-26.csv
Breakout_Volume_ADX,ETHUSDT,1h,447,142,305,31.8,-6608.03,-66.08,66.61,3392.0,Breakout_Volume_ADX_1h_BINANCE_ETHUSDT_2026-03-26.csv
EMA_Cloud_Strength,ETHUSDT,1h,999,307,692,30.7,-9674.64,-96.75,96.8,325.34,EMA_Cloud_Strength_1h_BINANCE_ETHUSDT_2026-03-26.csv
Reversed_BarUpDn,ETHUSDT,1h,1679,493,1186,29.4,-9974.24,-99.74,99.74,25.62,Reversed_BarUpDn_1h_BINANCE_ETHUSDT_2026-03-26.csv
Reverse_Liquidity_Trap,ETHUSDT,1h,1723,525,1198,30.5,-9964.44,-99.64,99.64,35.62,Reverse_Liquidity_Trap_1h_BINANCE_ETHUSDT_2026-03-26.csv
Machine_Learning_Lorentzian,ETHUSDT,1h,214,65,149,30.4,-5330.05,-53.3,54.28,4669.98,Machine_Learning_Lorentzian_1h_BINANCE_ETHUSDT_2026-03-26.csv
Mean_Reversion_Scalper,ETHUSDT,1h,205,59,146,28.8,-5843.12,-58.43,58.88,4156.87,Mean_Reversion_Scalper_1h_BINANCE_ETHUSDT_2026-03-26.csv
RSI_Divergence,ETHUSDT,1h,22,7,15,31.8,-243.34,-2.43,5.95,9756.64,RSI_Divergence_1h_BINANCE_ETHUSDT_2026-03-26.csv
MACD_Histogram_Reversal,ETHUSDT,1h,309,99,210,32.0,-5083.58,-50.84,51.18,4916.43,MACD_Histogram_Reversal_1h_BINANCE_ETHUSDT_2026-03-26.csv
Stochastic_RSI_Cross,ETHUSDT,1h,389,122,267,31.4,-6577.89,-65.78,65.78,3422.14,Stochastic_RSI_Cross_1h_BINANCE_ETHUSDT_2026-03-26.csv
EMA_Ribbon,ETHUSDT,1h,976,298,678,30.5,-9569.99,-95.7,95.7,429.92,EMA_Ribbon_1h_BINANCE_ETHUSDT_2026-03-26.csv
Supertrend_ADX,ETHUSDT,1h,66,33,33,50.0,2557.93,25.58,5.62,12557.91,Supertrend_ADX_1h_BINANCE_ETHUSDT_2026-03-26.csv
Keltner_Channel_Breakout,ETHUSDT,1h,372,131,241,35.2,-2596.16,-25.96,35.97,7403.88,Keltner_Channel_Breakout_1h_BINANCE_ETHUSDT_2026-03-26.csv
Golden_Cross_Pro,DOTUSDT,4h,24,8,16,33.3,-825.29,-8.25,12.63,9174.71,Golden_Cross_Pro_4h_BINANCE_DOTUSDT_2026-03-26.csv
EMA_Break_Momentum,DOTUSDT,4h,127,42,85,33.1,-1650.42,-16.5,45.38,8349.59,EMA_Break_Momentum_4h_BINANCE_DOTUSDT_2026-03-26.csv
Volume_Stochastic_MACD,DOTUSDT,4h,8,1,7,12.5,-448.16,-4.48,6.55,9551.83,Volume_Stochastic_MACD_4h_BINANCE_DOTUSDT_2026-03-26.csv
Breakout_Volume_ADX,DOTUSDT,4h,149,65,84,43.6,5278.92,52.79,29.2,15278.93,Breakout_Volume_ADX_4h_BINANCE_DOTUSDT_2026-03-26.csv
EMA_Cloud_Strength,DOTUSDT,4h,949,305,644,32.1,-8598.55,-85.99,94.12,1401.47,EMA_Cloud_Strength_4h_BINANCE_DOTUSDT_2026-03-26.csv
Reversed_BarUpDn,DOTUSDT,4h,1771,569,1202,32.1,-9790.4,-97.9,99.69,209.63,Reversed_BarUpDn_4h_BINANCE_DOTUSDT_2026-03-26.csv
Reverse_Liquidity_Trap,DOTUSDT,4h,1830,598,1232,32.7,-9719.54,-97.2,99.67,280.47,Reverse_Liquidity_Trap_4h_BINANCE_DOTUSDT_2026-03-26.csv
Machine_Learning_Lorentzian,DOTUSDT,4h,111,30,81,27.0,-4887.4,-48.87,49.87,5112.6,Machine_Learning_Lorentzian_4h_BINANCE_DOTUSDT_2026-03-26.csv
Mean_Reversion_Scalper,DOTUSDT,4h,118,30,88,25.4,-5376.07,-53.76,55.03,4623.94,Mean_Reversion_Scalper_4h_BINANCE_DOTUSDT_2026-03-26.csv
RSI_Divergence,DOTUSDT,4h,1,0,1,0.0,-81.1,-0.81,0.81,9918.9,RSI_Divergence_4h_BINANCE_DOTUSDT_2026-03-26.csv
MACD_Histogram_Reversal,DOTUSDT,4h,87,40,47,46.0,1559.74,15.6,28.7,11559.7,MACD_Histogram_Reversal_4h_BINANCE_DOTUSDT_2026-03-26.csv
Stochastic_RSI_Cross,DOTUSDT,4h,187,59,128,31.6,-4216.78,-42.17,49.7,5783.24,Stochastic_RSI_Cross_4h_BINANCE_DOTUSDT_2026-03-26.csv
EMA_Ribbon,DOTUSDT,4h,954,311,643,32.6,-8496.81,-84.97,94.51,1503.26,EMA_Ribbon_4h_BINANCE_DOTUSDT_2026-03-26.csv
Supertrend_ADX,DOTUSDT,4h,20,14,6,70.0,2627.25,26.27,4.23,12627.24,Supertrend_ADX_4h_BINANCE_DOTUSDT_2026-03-26.csv
Keltner_Channel_Breakout,DOTUSDT,4h,168,67,101,39.9,3264.42,32.64,27.39,13264.43,Keltner_Channel_Breakout_4h_BINANCE_DOTUSDT_2026-03-26.csv
Golden_Cross_Pro,DOTUSDT,1h,32,11,21,34.4,-714.9,-7.15,8.3,9285.08,Golden_Cross_Pro_1h_BINANCE_DOTUSDT_2026-03-26.csv
EMA_Break_Momentum,DOTUSDT,1h,166,38,128,22.9,-6440.13,-64.4,64.4,3559.89,EMA_Break_Momentum_1h_BINANCE_DOTUSDT_2026-03-26.csv
Volume_Stochastic_MACD,DOTUSDT,1h,4,2,2,50.0,-38.57,-0.39,2.86,9961.42,Volume_Stochastic_MACD_1h_BINANCE_DOTUSDT_2026-03-26.csv
Breakout_Volume_ADX,DOTUSDT,1h,156,48,108,30.8,-3666.97,-36.67,40.75,6332.97,Breakout_Volume_ADX_1h_BINANCE_DOTUSDT_2026-03-26.csv
EMA_Cloud_Strength,DOTUSDT,1h,578,166,412,28.7,-8806.19,-88.06,88.3,1193.8,EMA_Cloud_Strength_1h_BINANCE_DOTUSDT_2026-03-26.csv
Reversed_BarUpDn,DOTUSDT,1h,1100,303,797,27.5,-9931.33,-99.31,99.31,68.68,Reversed_BarUpDn_1h_BINANCE_DOTUSDT_2026-03-26.csv
Reverse_Liquidity_Trap,DOTUSDT,1h,1146,309,837,27.0,-9945.42,-99.45,99.45,54.65,Reverse_Liquidity_Trap_1h_BINANCE_DOTUSDT_2026-03-26.csv
Machine_Learning_Lorentzian,DOTUSDT,1h,109,31,78,28.4,-4504.99,-45.05,46.07,5495.06,Machine_Learning_Lorentzian_1h_BINANCE_DOTUSDT_2026-03-26.csv
Mean_Reversion_Scalper,DOTUSDT,1h,109,35,74,32.1,-3953.07,-39.53,40.29,6046.93,Mean_Reversion_Scalper_1h_BINANCE_DOTUSDT_2026-03-26.csv
RSI_Divergence,DOTUSDT,1h,7,2,5,28.6,-277.57,-2.78,3.42,9722.43,RSI_Divergence_1h_BINANCE_DOTUSDT_2026-03-26.csv
MACD_Histogram_Reversal,DOTUSDT,1h,128,38,90,29.7,-3069.61,-30.7,33.03,6930.37,MACD_Histogram_Reversal_1h_BINANCE_DOTUSDT_2026-03-26.csv
Stochastic_RSI_Cross,DOTUSDT,1h,223,66,157,29.6,-5615.98,-56.16,58.96,4384.15,Stochastic_RSI_Cross_1h_BINANCE_DOTUSDT_2026-03-26.csv
EMA_Ribbon,DOTUSDT,1h,621,171,450,27.5,-9237.17,-92.37,92.37,762.85,EMA_Ribbon_1h_BINANCE_DOTUSDT_2026-03-26.csv
Supertrend_ADX,DOTUSDT,1h,24,6,18,25.0,555.55,5.56,9.9,10555.55,Supertrend_ADX_1h_BINANCE_DOTUSDT_2026-03-26.csv
Keltner_Channel_Breakout,DOTUSDT,1h,178,60,118,33.7,-3349.52,-33.49,42.54,6650.52,Keltner_Channel_Breakout_1h_BINANCE_DOTUSDT_2026-03-26.csv
