id,sl_type,sl_pct,sl_atr_mult,sl_period,tp_type,tp_rr,tp_pct,tp_atr_mult,size_usd,regime,score,total_pnl,total_trades,win_rate,profit_factor,max_drawdown,sharpe_ratio,sortino_ratio,generation
gen2_cross_5732,fixed,0.01,,30.0,fixed,,0.035,3.25,1900,any,36.50116983794743,-42.40700303696599,2718,45.879323031640915,0.9949610467933659,12.05982193870102,-0.02363298334547546,-0.03700928249520512,2
gen2_cross_5835,fixed,0.011,,30.0,fixed,,0.035,3.25,800,trending,36.08278404476767,-23.82281830638658,2718,45.952906548933036,0.9933939630520331,12.390767131474226,-0.030551736067878577,-0.0469531312972345,2
gen1_cross_4033,fixed,0.01,,,fixed,,,,1900,ranging,35.44478217703627,-42.40700303696599,2718,45.879323031640915,0.9949610467933659,12.05982193870102,-0.02363298334547546,-0.03700928249520512,1
gen1_cross_4033,fixed,0.01,,,fixed,,,,1900,ranging,35.44478217703627,-42.40700303696599,2718,45.879323031640915,0.9949610467933659,12.05982193870102,-0.02363298334547546,-0.03700928249520512,1
gen1_cross_4152,fixed,0.01,,30.0,fixed,,0.035,3.25,800,trending,35.298030597906404,-17.855580226091206,2718,45.879323031640915,0.9949610467933658,12.059821938701006,-0.023632983345475457,-0.03700928249520511,1
gen1_cross_4152,fixed,0.01,,30.0,fixed,,0.035,3.25,800,trending,35.298030597906404,-17.855580226091206,2718,45.879323031640915,0.9949610467933658,12.059821938701006,-0.023632983345475457,-0.03700928249520511,1
gen0_id0000,fixed,0.01,,,atr,,,3.25,800,ranging,35.01809309625447,-17.855580226091206,2718,45.879323031640915,0.9949610467933658,12.059821938701006,-0.023632983345475457,-0.03700928249520511,0
gen0_id0000,fixed,0.01,,,atr,,,3.25,800,ranging,35.01809309625447,-17.855580226091206,2718,45.879323031640915,0.9949610467933658,12.059821938701006,-0.023632983345475457,-0.03700928249520511,0
gen0_id0000,fixed,0.01,,,atr,,,3.25,800,ranging,35.01809309625447,-17.855580226091206,2718,45.879323031640915,0.9949610467933658,12.059821938701006,-0.023632983345475457,-0.03700928249520511,0
gen2_cross_3748,fixed,0.01,,10.0,atr,,,,1600,ranging,34.45960098800007,-35.71116045218241,2718,45.879323031640915,0.9949610467933658,12.059821938701006,-0.023632983345475457,-0.03700928249520511,2
gen2_cross_6791,fixed,0.011,,35.0,fixed,,0.035,,1900,trending,33.624664330557344,-56.57919347766847,2718,45.952906548933036,0.9933939630520333,12.39076713147423,-0.030551736067878688,-0.046953131297234676,2
gen2_cross_5408,fixed,0.011,,,atr,,0.035,3.25,1600,trending,33.42371993904255,-47.64563661277316,2718,45.952906548933036,0.9933939630520331,12.390767131474226,-0.030551736067878577,-0.0469531312972345,2
gen2_cross_1712,fixed,0.01,,10.0,atr,,,2.0,1800,ranging,33.14471924039285,-40.175055508704645,2718,45.879323031640915,0.9949610467933659,12.059821938701013,-0.023632983345475457,-0.037009282495205104,2
gen2_cross_7420,chandelier,,2.25,10.0,atr,,0.04,2.0,1600,ranging,30.91127804581243,-562.362074959156,2718,45.952906548933036,0.9312301595644995,16.539618074119346,-0.3112933434906568,-0.4409346365145525,2
gen2_cross_1033,chandelier,0.01,,,fixed,,,3.25,800,any,29.462421806231255,-281.181037479578,2718,45.952906548933036,0.9312301595644995,16.539618074119346,-0.3112933434906568,-0.4409346365145525,2
gen2_cross_5491,chandelier,0.011,,35.0,fixed,,0.035,2.0,1800,ranging,29.324373522217517,-632.6573343290506,2718,45.952906548933036,0.9312301595644994,16.539618074119353,-0.31129334349065696,-0.44093463651455267,2
gen1_cross_8990,chandelier,0.023,,30.0,fixed,,0.03,,1800,trending,29.198009024792583,-632.6573343290506,2718,45.952906548933036,0.9312301595644994,16.539618074119353,-0.31129334349065696,-0.44093463651455267,1
gen0_id0020,ma,0.023,,40.0,fixed,,0.045,,1800,trending,29.082876777160692,-632.6573343290506,2718,45.952906548933036,0.9312301595644994,16.539618074119353,-0.31129334349065696,-0.44093463651455267,0
gen2_cross_8864,chandelier,0.023,,30.0,fixed,,0.03,,1800,trending,28.999769843955324,-632.6573343290506,2718,45.952906548933036,0.9312301595644994,16.539618074119353,-0.31129334349065696,-0.44093463651455267,2
gen2_cross_4342,chandelier,0.01,,30.0,fixed,,,,1800,trending,28.876244420545166,-632.6573343290506,2718,45.952906548933036,0.9312301595644994,16.539618074119353,-0.31129334349065696,-0.44093463651455267,2
gen0_id0024,atr,,2.75,30.0,fixed,,0.035,,1800,volatile,28.85932778844956,-632.6573343290506,2718,45.952906548933036,0.9312301595644994,16.539618074119353,-0.31129334349065696,-0.44093463651455267,0
gen0_id0026,chandelier,,2.5,45.0,fixed,,0.03,,1900,trending,28.763996511939126,-667.8049640139975,2718,45.952906548933036,0.9312301595644994,16.53961807411936,-0.31129334349065696,-0.44093463651455267,0
gen0_id0004,trailing,0.005,,50.0,fixed,,0.045,,800,trending,28.63803276455522,-281.181037479578,2718,45.952906548933036,0.9312301595644995,16.539618074119346,-0.3112933434906568,-0.4409346365145525,0
gen1_cross_4017,chandelier,,3.0,10.0,atr,,,2.0,1800,ranging,28.62446773767249,-632.6573343290506,2718,45.952906548933036,0.9312301595644994,16.539618074119353,-0.31129334349065696,-0.44093463651455267,1
gen1_cross_2467,atr,0.022,,15.0,atr,,,2.5,600,any,28.50407002081825,-210.88577810968354,2718,45.952906548933036,0.9312301595644993,16.53961807411935,-0.3112933434906568,-0.4409346365145525,1
gen0_id0027,chandelier,,2.25,15.0,fixed,,0.03,,1900,any,28.480597576305634,-667.8049640139975,2718,45.952906548933036,0.9312301595644994,16.53961807411936,-0.31129334349065696,-0.44093463651455267,0
gen1_cross_2063,trailing,0.011,,35.0,fixed,,0.035,,1600,trending,28.45419928888875,-562.362074959156,2718,45.952906548933036,0.9312301595644995,16.539618074119346,-0.3112933434906568,-0.4409346365145525,1
gen2_cross_5952,chandelier,,2.25,15.0,fixed,,0.03,,800,any,28.431871966027167,-281.181037479578,2718,45.952906548933036,0.9312301595644995,16.539618074119346,-0.3112933434906568,-0.4409346365145525,2
gen1_cross_2890,chandelier,,2.25,10.0,fixed,,0.04,,1900,any,28.280565836089476,-667.8049640139975,2718,45.952906548933036,0.9312301595644994,16.53961807411936,-0.31129334349065696,-0.44093463651455267,1
gen1_cross_2890,chandelier,,2.25,10.0,fixed,,0.04,,1900,any,28.280565836089476,-667.8049640139975,2718,45.952906548933036,0.9312301595644994,16.53961807411936,-0.31129334349065696,-0.44093463651455267,1
gen0_id0017,chandelier,,2.25,10.0,fixed,,0.04,,800,any,28.21620616950601,-281.181037479578,2718,45.952906548933036,0.9312301595644995,16.539618074119346,-0.3112933434906568,-0.4409346365145525,0
gen2_cross_1995,trailing,,,45.0,fixed,,0.035,,1600,ranging,28.165734640034707,-562.362074959156,2718,45.952906548933036,0.9312301595644995,16.539618074119346,-0.3112933434906568,-0.4409346365145525,2
gen2_cross_6164,chandelier,,3.0,10.0,atr,,,2.0,1800,ranging,28.164648631218427,-632.6573343290506,2718,45.952906548933036,0.9312301595644994,16.539618074119353,-0.31129334349065696,-0.44093463651455267,2
gen0_id0008,chandelier,,3.0,45.0,rr,1.8,,,1800,ranging,28.073267268380324,-797.2413848768215,2718,45.952906548933036,0.9133398763412724,16.539618074119357,-0.4012844093425801,-0.5556425590605505,0
gen1_cross_2138,chandelier,0.01,,,fixed,,,3.25,800,any,28.035337742240664,-281.181037479578,2718,45.952906548933036,0.9312301595644995,16.539618074119346,-0.3112933434906568,-0.4409346365145525,1
gen1_cross_2551,chandelier,,2.25,15.0,fixed,,0.03,,1900,volatile,27.983005670587218,-667.8049640139975,2718,45.952906548933036,0.9312301595644994,16.53961807411936,-0.31129334349065696,-0.44093463651455267,1
gen1_cross_9227,ma,0.023,,10.0,atr,,,2.0,1600,ranging,27.932918018058828,-562.362074959156,2718,45.952906548933036,0.9312301595644995,16.539618074119346,-0.3112933434906568,-0.4409346365145525,1
gen0_id0013,fixed,0.017,,,fixed,,0.02,,1900,ranging,27.8683984596367,-1114.215628514181,2718,45.952906548933036,0.8893595712853353,17.50141147388095,-0.5122083986238174,-0.6866126363707308,0
gen1_cross_8807,chandelier,,2.25,15.0,fixed,,0.04,,800,any,27.842180454183,-281.181037479578,2718,45.952906548933036,0.9312301595644995,16.539618074119346,-0.3112933434906568,-0.4409346365145525,1
gen2_cross_9805,chandelier,,2.25,10.0,fixed,,0.035,,1500,any,27.801676594304737,-527.2144452742086,2718,45.952906548933036,0.9312301595644995,16.53961807411934,-0.31129334349065674,-0.4409346365145524,2
gen1_cross_4714,ma,,2.25,15.0,fixed,,0.03,,1900,any,27.722896180887464,-667.8049640139975,2718,45.952906548933036,0.9312301595644994,16.53961807411936,-0.31129334349065696,-0.44093463651455267,1
gen2_cross_2008,chandelier,0.01,,30.0,fixed,,0.035,,1800,trending,27.581353606139952,-632.6573343290506,2718,45.952906548933036,0.9312301595644994,16.539618074119353,-0.31129334349065696,-0.44093463651455267,2
gen0_id0007,atr,,1.0,20.0,fixed,,0.015,,800,ranging,27.51885125138201,-281.181037479578,2718,45.952906548933036,0.9312301595644995,16.539618074119346,-0.3112933434906568,-0.4409346365145525,0
gen1_cross_1995,ma,0.022,,15.0,atr,,0.035,2.5,600,any,27.50812963094583,-210.88577810968354,2718,45.952906548933036,0.9312301595644993,16.53961807411935,-0.3112933434906568,-0.4409346365145525,1
gen0_id0011,ma,0.023,,30.0,fixed,,0.035,,1700,trending,27.49508272218212,-597.5097046441033,2718,45.952906548933036,0.9312301595644994,16.53961807411934,-0.3112933434906566,-0.4409346365145521,0
gen0_id0011,ma,0.023,,30.0,fixed,,0.035,,1700,trending,27.49508272218212,-597.5097046441033,2718,45.952906548933036,0.9312301595644994,16.53961807411934,-0.3112933434906566,-0.4409346365145521,0
gen1_cross_7731,atr,0.011,,35.0,fixed,,0.035,,1600,trending,27.374911683026937,-562.362074959156,2718,45.952906548933036,0.9312301595644995,16.539618074119346,-0.3112933434906568,-0.4409346365145525,1
gen2_cross_1162,ma,0.022,,15.0,atr,,,2.5,600,trending,27.189019473930088,-210.88577810968354,2718,45.952906548933036,0.9312301595644993,16.53961807411935,-0.3112933434906568,-0.4409346365145525,2
gen1_cross_5021,trailing,0.005,,10.0,fixed,,0.04,,800,any,27.151049669906772,-281.181037479578,2718,45.952906548933036,0.9312301595644995,16.539618074119346,-0.3112933434906568,-0.4409346365145525,1
gen1_cross_3424,chandelier,,2.25,10.0,atr,,0.04,2.0,800,ranging,27.143717493768136,-281.181037479578,2718,45.952906548933036,0.9312301595644995,16.539618074119346,-0.3112933434906568,-0.4409346365145525,1
gen1_cross_6388,chandelier,,2.5,10.0,atr,,0.03,,1900,trending,27.053681122504457,-667.8049640139975,2718,45.952906548933036,0.9312301595644994,16.53961807411936,-0.31129334349065696,-0.44093463651455267,1
gen2_cross_9163,ma,0.023,,,fixed,,,3.25,800,trending,26.854278620165818,-281.181037479578,2718,45.952906548933036,0.9312301595644995,16.539618074119346,-0.3112933434906568,-0.4409346365145525,2
gen0_id0029,atr,,2.75,15.0,atr,,,3.5,1000,volatile,26.806848390442394,-351.47629684947265,2718,45.952906548933036,0.9312301595644995,16.539618074119346,-0.31129334349065696,-0.44093463651455267,0
gen0_id0025,trailing,0.016,,15.0,fixed,,0.045,,1300,ranging,26.76063808017063,-456.9191859043142,2718,45.952906548933036,0.9312301595644994,16.539618074119346,-0.3112933434906566,-0.4409346365145522,0
gen1_cross_2996,chandelier,,2.0,45.0,fixed,,0.03,,1600,ranging,26.689102034021705,-562.362074959156,2718,45.952906548933036,0.9312301595644995,16.539618074119346,-0.3112933434906568,-0.4409346365145525,1
gen0_id0023,trailing,0.023,,20.0,atr,,,3.75,800,ranging,26.579395588866028,-281.181037479578,2718,45.952906548933036,0.9312301595644995,16.539618074119346,-0.3112933434906568,-0.4409346365145525,0
gen0_id0016,ma,0.011,,40.0,fixed,,0.015,,1000,ranging,26.562322451769926,-351.47629684947265,2718,45.952906548933036,0.9312301595644995,16.539618074119346,-0.31129334349065696,-0.44093463651455267,0
gen1_cross_8545,trailing,0.005,,15.0,atr,,,2.5,800,trending,26.553867614422504,-281.181037479578,2718,45.952906548933036,0.9312301595644995,16.539618074119346,-0.3112933434906568,-0.4409346365145525,1
gen2_cross_9080,chandelier,,,15.0,atr,,,2.5,1800,ranging,26.540629481596596,-632.6573343290506,2718,45.952906548933036,0.9312301595644994,16.539618074119353,-0.31129334349065696,-0.44093463651455267,2
gen1_cross_7381,atr,0.023,2.75,30.0,fixed,,0.045,,1800,volatile,26.412443795556477,-632.6573343290506,2718,45.952906548933036,0.9312301595644994,16.539618074119353,-0.31129334349065696,-0.44093463651455267,1
gen2_cross_6813,chandelier,,3.0,10.0,atr,,,2.0,1200,ranging,26.331776812454393,-421.7715562193671,2718,45.952906548933036,0.9312301595644993,16.53961807411935,-0.3112933434906568,-0.4409346365145525,2
gen2_cross_8608,chandelier,0.01,,,fixed,,,3.25,1900,any,26.277520690936452,-667.8049640139975,2718,45.952906548933036,0.9312301595644994,16.53961807411936,-0.31129334349065696,-0.44093463651455267,2
gen0_id0006,chandelier,,2.0,40.0,fixed,,0.03,,700,any,26.211921950227048,-246.03340779463065,2718,45.952906548933036,0.9312301595644997,16.53961807411935,-0.3112933434906568,-0.44093463651455245,0
gen2_cross_2077,fixed,,,,fixed,,,,1900,ranging,26.20100999595537,-667.8049640139975,2718,45.952906548933036,0.9312301595644994,16.53961807411936,-0.31129334349065696,-0.44093463651455267,2
gen0_id0018,ma,0.022,,15.0,atr,,,2.5,600,any,26.158075623477483,-210.88577810968354,2718,45.952906548933036,0.9312301595644993,16.53961807411935,-0.3112933434906568,-0.4409346365145525,0
gen0_id0018,ma,0.022,,15.0,atr,,,2.5,600,any,26.158075623477483,-210.88577810968354,2718,45.952906548933036,0.9312301595644993,16.53961807411935,-0.3112933434906568,-0.4409346365145525,0
gen0_id0009,ma,0.015,,25.0,rr,2.8000000000000003,,,1700,any,26.15607646072383,-674.93474177097,2718,45.952906548933036,0.9223189947624167,16.539618074119343,-0.35563896672042683,-0.4980707471706878,0
gen0_id0028,trailing,0.011,,35.0,fixed,,0.03,,1600,trending,26.08713871327733,-562.362074959156,2718,45.952906548933036,0.9312301595644995,16.539618074119346,-0.3112933434906568,-0.4409346365145525,0
gen0_id0028,trailing,0.011,,35.0,fixed,,0.03,,1600,trending,26.08713871327733,-562.362074959156,2718,45.952906548933036,0.9312301595644995,16.539618074119346,-0.3112933434906568,-0.4409346365145525,0
gen1_cross_3974,chandelier,,2.0,15.0,fixed,,,,1900,ranging,26.073769586366502,-667.8049640139975,2718,45.952906548933036,0.9312301595644994,16.53961807411936,-0.31129334349065696,-0.44093463651455267,1
gen0_id0001,trailing,0.008,,40.0,atr,,,3.0,1300,any,25.998181479797072,-456.9191859043142,2718,45.952906548933036,0.9312301595644994,16.539618074119346,-0.3112933434906566,-0.4409346365145522,0
gen1_cross_8375,fixed,0.019,,10.0,fixed,,0.025,,1700,any,25.984084487744312,-1153.984076089614,2718,45.952906548933036,0.8741235370975391,17.59012972138571,-0.5850738416303396,-0.7674895572586119,1
gen2_cross_1488,ma,,2.25,15.0,fixed,,0.04,,800,any,25.847234047198874,-281.181037479578,2718,45.952906548933036,0.9312301595644995,16.539618074119346,-0.3112933434906568,-0.4409346365145525,2
gen0_id0015,ma,0.017,,30.0,atr,,,3.75,1300,trending,25.80006510764622,-456.9191859043142,2718,45.952906548933036,0.9312301595644994,16.539618074119346,-0.3112933434906566,-0.4409346365145522,0
gen1_cross_5709,ma,,,40.0,fixed,3.1,,2.0,800,ranging,25.642813881274563,-281.181037479578,2718,45.952906548933036,0.9312301595644995,16.539618074119346,-0.3112933434906568,-0.4409346365145525,1
gen0_id0019,trailing,0.006,,35.0,rr,1.3,,,700,ranging,25.36647195200821,-507.0919184926755,2718,45.952906548933036,0.8582605889441566,16.53961807411934,-0.6986560881601973,-0.9087968693530997,0
gen0_id0002,ma,0.022,,40.0,rr,3.1,,,800,ranging,25.302962355507564,-317.61634906869176,2718,45.952906548933036,0.9223189947624167,16.53961807411935,-0.355638966720427,-0.4980707471706882,0
gen2_cross_6698,atr,0.022,,15.0,atr,,,2.5,800,any,25.284750615393726,-281.181037479578,2718,45.952906548933036,0.9312301595644995,16.539618074119346,-0.3112933434906568,-0.4409346365145525,2
gen0_id0010,fixed,0.019,,,fixed,,0.025,,1900,any,25.109246530214772,-1289.7469085707444,2718,45.952906548933036,0.8741235370975392,17.590129721385722,-0.5850738416303395,-0.7674895572586117,0
gen0_id0012,atr,,2.75,25.0,rr,2.6,,,1000,volatile,25.070168364204832,-397.0204363358648,2718,45.952906548933036,0.9223189947624167,16.539618074119346,-0.35563896672042716,-0.49807074717068833,0
gen2_cross_8701,atr,0.022,,30.0,fixed,,,3.25,800,any,25.06865949511011,-281.181037479578,2718,45.952906548933036,0.9312301595644995,16.539618074119346,-0.3112933434906568,-0.4409346365145525,2
gen0_id0005,atr,,2.0,30.0,fixed,,0.025,,1800,any,24.98417184428905,-632.6573343290506,2718,45.952906548933036,0.9312301595644994,16.539618074119353,-0.31129334349065696,-0.44093463651455267,0
gen0_id0022,chandelier,,2.0,10.0,atr,,,2.0,1600,ranging,24.71111584685508,-562.362074959156,2718,45.952906548933036,0.9312301595644995,16.539618074119346,-0.3112933434906568,-0.4409346365145525,0
gen0_id0022,chandelier,,2.0,10.0,atr,,,2.0,1600,ranging,24.71111584685508,-562.362074959156,2718,45.952906548933036,0.9312301595644995,16.539618074119346,-0.3112933434906568,-0.4409346365145525,0
gen1_cross_1443,atr,0.017,2.75,,fixed,,0.035,,1800,ranging,24.45808641183294,-632.6573343290506,2718,45.952906548933036,0.9312301595644994,16.539618074119353,-0.31129334349065696,-0.44093463651455267,1
gen0_id0003,fixed,0.016,,,rr,3.3000000000000003,,,600,ranging,23.919250881399506,-299.76637703365554,2718,45.952906548933036,0.9041697814227659,17.08954228069182,-0.441557863401106,-0.603838101160264,0
gen1_cross_4735,ma,0.011,,15.0,atr,,,2.5,600,any,23.46669024293265,-210.88577810968354,2718,45.952906548933036,0.9312301595644993,16.53961807411935,-0.3112933434906568,-0.4409346365145525,1
gen1_cross_4735,ma,0.011,,15.0,atr,,,2.5,600,any,23.46669024293265,-210.88577810968354,2718,45.952906548933036,0.9312301595644993,16.53961807411935,-0.3112933434906568,-0.4409346365145525,1
gen0_id0014,fixed,0.017,,,atr,,,2.0,1600,trending,23.142138017840374,-938.2868450645742,2718,45.952906548933036,0.8893595712853352,17.50141147388095,-0.5122083986238173,-0.6866126363707306,0
gen0_id0021,fixed,0.02,,,fixed,,0.01,,1200,ranging,22.1591992424382,-861.6858832036319,2718,45.952906548933036,0.8678061430612656,17.59012972138572,-0.615196611061721,-0.7993007510405122,0
